-0.06585414	0.5208935	0.025090864	0.043136477	0.017595546	0.07329734	0.061973087	0.009171094	0.01383491	-0.14912617	0.0815956	0.060728498	0.18340585	-0.022909112	-0.09111631	-0.047385514
-0.018671812	0.5051471	0.006752101	-0.055035755	0.035278235	0.112911426	-0.0077253897	0.006104452	0.028779272	-0.08781618	0.10910718	0.015231079	0.24306092	0.0011840295	-0.07481133	-0.028593117
0.3442454	0.47458458	0.35255307	-0.42539707	-0.31087503	-0.2557614	-0.39863396	0.48947874	-0.36036813	0.18084943	-0.18461488	-0.27007064	0.2875241	-0.3806915	0.358317	-0.37893435
-0.015288762	0.4244906	0.07568922	-0.032098632	0.0131034935	-0.010936091	-0.040933806	0.023598643	-0.010237951	-0.017450852	0.023405846	-0.023621585	0.1506945	-0.05996185	-0.02010666	-0.0861458
-0.14578591	0.47319493	-0.05433418	0.1197296	0.11737187	0.19574437	0.09613077	-0.10042223	0.056765337	-0.1251404	0.183002	0.15635356	0.19774443	0.09923978	-0.18015848	0.04960636
-0.01458056	0.3270446	-0.02595426	-0.013820455	0.04681388	0.049526762	0.0020422337	-0.0024947836	0.051744185	-0.10671841	0.046596274	0.066252284	0.17675234	0.029150195	-0.07403095	0.0175093
0.23342158	0.4502812	0.20627263	-0.20802882	-0.2259577	-0.15978034	-0.23552664	0.2690394	-0.20704675	0.022558372	-0.11235431	-0.230931	0.29878646	-0.2442401	0.20332375	-0.17508928
-0.091158606	0.3359872	-0.09510683	0.03826044	0.14336148	0.12655823	0.08436923	-0.063828215	0.06288538	-0.12464624	0.14485715	0.06788267	0.08728205	0.08119387	-0.12505426	0.019859163
-0.09839507	0.41571018	-0.005209811	-0.030901965	0.07532204	0.06099823	-0.019942975	0.010028092	0.037912045	-0.1279686	0.14687736	0.08033314	0.21830425	6.0371836e-05	-0.095700994	-0.052716676
-0.14673653	0.37023696	-0.121194266	0.12668872	0.09200238	0.21990526	0.13411412	-0.06590704	0.10899929	-0.19486368	0.15544266	0.20236638	0.17645733	0.14873028	-0.187702	0.10325257
-0.06277333	0.2905605	-0.06863724	0.071358286	0.05450031	0.12766916	0.053185582	-0.038562745	0.048901316	-0.0907395	0.11416264	0.033502944	0.07302742	0.10187995	-0.13025251	-0.010906504
0.092292294	0.25624305	0.1356676	-0.112016775	-0.052089557	-0.009406151	-0.1359542	0.11940369	-0.12010924	0.020101983	-0.01830165	-0.1077057	0.09104821	-0.11637082	0.04732662	-0.104300804
-0.0040279855	0.35240087	0.002441808	-0.075132385	-0.035120256	0.054484922	0.025936874	0.07453412	-0.0039467984	-0.050007917	0.026468232	0.056644943	0.13466348	-0.058921285	-0.028945157	-0.05725755
-1.1271381	0.31378654	-1.0917801	1.1517538	1.0666136	1.0989223	1.1568772	-1.140885	1.1429797	-1.0866821	0.9968398	1.0938419	0.21454257	1.1966554	-1.1252638	1.0072231
-0.005707768	0.2836405	0.042290926	0.0059973514	0.0003223881	0.032335393	-0.03383464	0.02409206	0.0204218	-0.057445068	0.011358324	-0.026866099	0.15198894	0.016425587	-0.051577672	-0.021382377
-0.07010514	0.44013333	-0.052543335	0.022104833	0.09938011	0.116172455	0.08607913	-0.0387147	0.013605119	-0.050558142	0.08970336	0.054396193	0.1285172	0.038039256	-0.064463034	-0.05982886
0.21150751	0.32996964	0.29470623	-0.31942993	-0.2541503	-0.21065411	-0.30198276	0.30427486	-0.3520609	0.14918193	-0.1804414	-0.3161121	0.2452363	-0.28256568	0.2911216	-0.29699698
0.18769644	0.05202617	0.2641592	-0.2581442	-0.19697389	-0.15927844	-0.20915547	0.27599907	-0.26421657	0.19855325	-0.12769522	-0.20882925	0.04724475	-0.25994518	0.21339571	-0.26919764
1.5073649	0.1135357	1.4129698	-1.5482246	-1.4974868	-1.4025552	-1.4964527	1.5185715	-1.4374292	1.2617573	-1.3160536	-1.3043108	-0.26122975	-1.4843098	1.4359217	-1.4889
1.0148534	0.25990382	0.9966281	-1.038787	-0.99666417	-0.9687988	-1.0771563	1.0174873	-1.02998	0.9190503	-0.9359213	-1.0247059	-0.11710687	-1.0725778	0.9770936	-0.9677336
0.021557013	0.23210888	0.05327566	-0.010423783	-0.040283848	-0.004760973	-0.08648902	0.057956584	-0.0547978	-0.07745976	0.0013147653	0.038607	0.07108615	-0.06872077	0.015829768	-0.08625369
-0.18338922	0.2584773	-0.17009419	0.14403386	0.1604904	0.24698374	0.21375203	-0.23340245	0.22374602	-0.2381833	0.27117288	0.27137125	0.10053311	0.22302203	-0.25931984	0.13295491
0.16942824	0.36564735	0.16037796	-0.18175219	-0.19107041	-0.20680383	-0.2505776	0.28344506	-0.2271942	0.07341527	-0.16137433	-0.19329585	0.11255456	-0.20333308	0.22516897	-0.25655916
0.13050584	-0.04622673	0.06986926	-0.123015955	-0.1498406	-0.146043	-0.074980415	0.072671026	-0.11719424	0.12461497	-0.06619065	-0.066096134	-0.08360277	-0.13992712	0.09647524	-0.12340917
0.14843696	0.25848562	0.13269003	-0.06965957	-0.14534183	-0.08216785	-0.10674791	0.12223859	-0.080508746	0.09505265	-0.045253713	-0.14618745	0.053659044	-0.14419961	0.061157327	-0.16446236
0.27716443	-0.08245905	0.20519698	-0.22751229	-0.25619712	-0.24988945	-0.27018455	0.29177934	-0.29497302	0.23316479	-0.24234936	-0.2714229	-0.074499115	-0.2276763	0.2861977	-0.20687091
0.008406163	0.30447385	0.05411591	-0.024378551	-0.070821464	0.012084381	-0.10801723	0.08209724	-0.031962067	0.0019570405	0.043057427	-0.032603756	0.09471411	-0.07884844	0.077680044	-0.12698774
0.16253455	0.19049367	0.17044933	-0.17113265	-0.21256402	-0.19970103	-0.250728	0.24164113	-0.24215277	0.108339526	-0.1110685	-0.114606775	0.103336014	-0.21585584	0.17293523	-0.1876781
-0.05536931	0.26091775	-0.024770718	0.037265833	0.038359057	0.06853584	0.0029172052	0.01345847	0.038131807	-0.14155295	0.059422117	0.0885199	0.18042421	0.013930074	-0.05918589	0.06639334
-0.110316604	0.30857462	-0.1584478	0.13269965	0.15153168	0.14459307	0.11185135	-0.10091544	0.1693053	-0.15360671	0.14469421	0.09750325	0.1257611	0.15903848	-0.18060388	0.113866754
0.020044442	-0.100602634	0.018501753	0.005388986	0.029326826	-0.021025661	0.04927155	-0.08140061	0.039087623	0.0034936299	-0.012539391	-0.0169629	-0.16907594	-0.01394503	0.024732526	-0.012966338
-0.23443033	0.36453244	-0.22490267	0.24472795	0.2533213	0.23465143	0.28268144	-0.17714988	0.30435434	-0.295576	0.32106602	0.25709027	0.25182673	0.29143012	-0.31175587	0.179006
0.30206817	0.042790454	0.3609352	-0.34668165	-0.27615607	-0.24461399	-0.31070286	0.32932648	-0.32153487	0.24003778	-0.25902084	-0.21632919	-0.066792674	-0.3117393	0.30968598	-0.27210385
0.22191536	0.22449102	0.27382967	-0.24526809	-0.2602235	-0.23548234	-0.2999671	0.31556493	-0.28394714	0.20391801	-0.22980319	-0.20671059	-0.03188365	-0.2817486	0.30411223	-0.3172246
0.29828915	0.053997822	0.31963602	-0.27474123	-0.31017926	-0.29534933	-0.32967478	0.27591625	-0.23217042	0.24151656	-0.30179188	-0.3118951	-0.13615227	-0.30099794	0.2651336	-0.2716246
0.037753426	0.21590005	0.09774834	-0.07969627	-0.059146054	-0.054367818	-0.08833501	0.11778185	-0.068826236	-0.034986276	-0.054717388	-0.07033787	0.17543301	-0.09547455	0.08488514	-0.0274694
0.072591566	0.26523334	0.11020975	-0.0937633	-0.070794575	-0.13883425	-0.13068649	0.11757965	-0.16448022	0.098035656	-0.085605346	-0.14243245	-0.014693568	-0.1081849	0.13303171	-0.205493
-0.052599944	0.27367112	-0.0041131126	-0.06572701	0.027047152	0.020836161	0.02195787	0.027319781	-0.023699341	-0.038058806	0.02026311	0.037932113	0.16070753	-0.010358961	-0.049025312	-0.030405251
0.09109717	0.08560023	0.094873406	-0.07939099	-0.11964714	-0.055337902	-0.055239286	0.12681782	-0.10983864	0.030533435	-0.03320821	-0.026129423	-0.034872368	-0.13963117	0.036369063	-0.09944791
-0.45128644	0.22978964	-0.427254	0.4304218	0.39682606	0.37583676	0.4748471	-0.40772095	0.38599947	-0.4168165	0.4071303	0.41928864	0.16091667	0.38281414	-0.40341562	0.39383578
-0.05640533	0.30135038	-0.098295376	0.05314406	0.104160696	0.048540235	0.12237369	-0.06733281	0.11958049	-0.09297814	0.10879797	0.052935746	0.17170034	0.056184515	-0.071984634	0.02609688
0.6932714	0.05868045	0.6727355	-0.65105915	-0.6241488	-0.5899324	-0.74675846	0.68425494	-0.7276244	0.56637585	-0.55575454	-0.62525105	-0.056450594	-0.7169008	0.7116395	-0.6147707
0.14857353	0.24152316	0.09841287	-0.11298009	-0.09302716	-0.03257333	-0.07580273	0.08560971	-0.058492653	0.07395639	-0.099186756	-0.044009928	0.08282919	-0.076364756	0.1019503	-0.111231595
0.07690268	0.18772875	0.10494207	-0.11301899	-0.05622795	-0.045172144	-0.09016691	0.076314375	-0.13265494	-0.0035154256	-0.07372867	-0.035933472	0.021772511	-0.10794023	0.12604693	-0.07097952
-0.07588231	0.23416209	-0.016479462	0.0858638	0.04925356	0.10793771	0.019768342	-0.096241124	0.1086871	-0.04606351	0.03966748	0.042255893	-0.03729875	0.028218688	-0.09945949	0.07385418
-0.2930335	0.3593225	-0.2981453	0.29879627	0.31568143	0.26000687	0.3461968	-0.34676054	0.3253065	-0.32081974	0.35471702	0.35704818	0.15944763	0.29208174	-0.35052967	0.18520993
0.14689484	0.14187163	0.14413954	-0.17166947	-0.15038668	-0.15131836	-0.1477256	0.1743037	-0.14213373	0.15152545	-0.13951068	-0.20163943	0.15166506	-0.13344346	0.08585945	-0.13268963
1.3078005	-0.04831121	1.1305476	-1.2454118	-1.1897423	-1.1805689	-1.330173	1.2478625	-1.2605925	1.0411454	-1.0308042	-1.1221559	-0.29698497	-1.2826555	1.2922527	-1.2292114
-0.24900566	0.34868765	-0.17459652	0.19077925	0.18260932	0.21847112	0.2205978	-0.20466907	0.23008217	-0.2504975	0.27414536	0.23920989	0.15197243	0.23712742	-0.2811905	0.22348034
0.24287957	0.18267936	0.31719968	-0.34126875	-0.2901596	-0.26970193	-0.2517682	0.34122306	-0.30088905	0.30822265	-0.29373407	-0.29779816	0.16065736	-0.3062548	0.23632282	-0.25095868
-0.7942459	0.33413494	-0.70537007	0.6954034	0.719065	0.7390047	0.71966594	-0.740318	0.8005012	-0.68600017	0.71610343	0.764011	0.19492698	0.7474788	-0.743414	0.64993405
0.15947032	0.13883291	0.2329816	-0.26693314	-0.18458298	-0.17960535	-0.21768278	0.27923694	-0.19391169	0.14079621	-0.16487406	-0.15022378	0.020179402	-0.19055818	0.19251823	-0.17264225
0.09376021	0.21487543	0.06729067	-0.122745335	-0.044373628	-0.06524525	-0.09332617	0.06880939	-0.06835743	0.09734551	-0.040159874	-0.10144941	-0.023273343	-0.051692154	0.11392911	-0.09399597
-0.20310459	0.1941005	-0.110942475	0.20334296	0.15474576	0.18024865	0.1625401	-0.21285266	0.16681592	-0.20795874	0.16829543	0.12268928	0.12819223	0.15304884	-0.23295295	0.12361184
1.0191827	-0.10953477	0.9733983	-1.0918019	-0.97267056	-0.887943	-1.0943685	1.115981	-0.96035105	0.8368122	-0.8292533	-0.94544125	-0.29674882	-1.025845	0.94749653	-1.0028265
-0.03798624	0.17013757	-0.0016112806	-0.043923512	-0.024226306	-0.055590432	-0.032285936	0.034624137	-0.05288876	0.021104464	0.0136239305	-0.0148429535	-0.005182028	-0.04937495	-0.007948272	-0.040801346
-0.11573539	0.22994524	-0.01916744	0.030901406	0.09618535	0.086702496	0.05110118	-0.10909584	0.044346645	-0.08511343	0.11752973	0.05148134	0.043205477	0.05420047	-0.10537721	0.09189462
0.1670727	0.13707468	0.15630926	-0.17053641	-0.19798647	-0.13660297	-0.17519212	0.22221851	-0.19000332	0.122797176	-0.17012458	-0.14967543	0.12379895	-0.27269074	0.21582289	-0.19726598
0.35516524	0.07185954	0.3855629	-0.38260707	-0.38283354	-0.34825966	-0.31909305	0.40507275	-0.35543588	0.29315847	-0.32727772	-0.33655512	-0.09965873	-0.34908125	0.34824958	-0.39567873
-0.07859905	0.20593034	-0.04978688	0.08688684	0.054032814	0.06660689	0.06576792	-0.12307668	0.04831186	-0.08468442	0.052859824	0.039335344	0.052721545	0.11825022	-0.052023772	0.05270506
-0.05184129	0.18473393	-0.01509317	0.0035306152	0.08844071	0.0841845	0.05195401	-0.003094654	0.10465234	-0.10956768	0.10876731	0.07275786	0.1896266	0.043908574	-0.07004721	0.021752555
-0.14533846	0.32098806	-0.06463403	0.039368052	0.07948346	0.14722781	0.13335486	-0.121784694	0.04422242	-0.06543915	0.12638116	0.10656572	-0.01106413	0.109962724	-0.07280794	0.02762269
-0.26028448	-0.075459376	-0.27453014	0.35995865	0.2620376	0.35135496	0.35605046	-0.34235314	0.31793514	-0.25877598	0.2599681	0.28025973	-0.03182486	0.3603907	-0.24595933	0.36635318
-0.41419774	0.3523566	-0.2989189	0.31112102	0.3325454	0.40449074	0.32516798	-0.3005599	0.38939336	-0.39138782	0.39335692	0.31415868	0.26172355	0.36242515	-0.3408055	0.316954
-0.34565386	0.25500044	-0.22470188	0.2472484	0.25068602	0.29409918	0.2622257	-0.2722759	0.25502458	-0.24852288	0.22824508	0.26807103	0.057383865	0.30009	-0.2739729	0.24742258
0.1949174	0.19866441	0.21034239	-0.2641717	-0.20554104	-0.20194413	-0.21689942	0.22221544	-0.2225705	0.15530914	-0.16559674	-0.17450841	0.0811706	-0.2169317	0.23743479	-0.22496918
-0.52750105	0.36579219	-0.39252526	0.48996812	0.43038958	0.40863374	0.423848	-0.49096426	0.445808	-0.45318314	0.48301074	0.42289972	0.15405671	0.46416444	-0.5281904	0.44412914
-0.61999106	0.25764823	-0.5863425	0.62205946	0.5886972	0.53907734	0.6044943	-0.5720713	0.67429876	-0.57263833	0.5763193	0.57624835	0.22897296	0.5883254	-0.63056296	0.5458767
-0.37936553	0.35412836	-0.3818168	0.34450105	0.3358487	0.3350045	0.34009475	-0.36984345	0.3118217	-0.34304705	0.28459445	0.26923507	0.117789395	0.3559299	-0.35175627	0.33540466
0.512989	0.16102457	0.5549703	-0.53762114	-0.59932625	-0.5078973	-0.5966158	0.6331759	-0.60590714	0.47718865	-0.4846567	-0.50055885	-0.19090533	-0.5516596	0.6049046	-0.61354756
0.2367303	0.09279042	0.24267942	-0.27610025	-0.2653959	-0.21407112	-0.31654778	0.2647084	-0.28854555	0.24600653	-0.2174281	-0.21891236	-0.077924185	-0.32010183	0.2862016	-0.24414258
-0.08661452	0.063474506	-0.08208402	0.119161166	0.14143851	0.11802168	0.122943945	-0.06854513	0.13257138	-0.13896854	0.06921073	0.124152124	-0.008837129	0.14814988	-0.14447178	0.09795969
1.0996559	0.346353	1.140273	-1.1786635	-1.1371613	-1.2016739	-1.1265082	1.1891198	-1.1308353	1.0957739	-1.0308189	-1.1064887	-0.11890312	-1.0834552	1.0662768	-1.1260844
-0.16441834	0.20907907	-0.13867399	0.17593232	0.13933952	0.17199916	0.19505674	-0.18802801	0.11591551	-0.10210442	0.16612463	0.117363915	0.12380796	0.18608342	-0.15347908	0.07680983
-0.054116886	0.25444868	-0.06386849	0.050031073	0.020149585	0.079910934	0.019773934	-0.051850528	0.11742526	-0.14154686	0.15247944	0.1306353	0.0424296	0.009006452	-0.0419899	0.05999613
1.0612339	0.08776773	0.9943306	-1.1000134	-1.0120184	-1.0319897	-1.0876256	1.1259683	-1.1178493	0.94258016	-1.0104916	-1.0600232	-0.17070906	-1.1307439	1.1088902	-1.0189489
-0.058011554	0.27308893	-0.08647341	0.097339116	0.010000359	0.04090838	0.06601266	-0.04561359	0.006582005	-0.016244337	0.026705716	0.080368415	0.032805853	0.07319317	-0.07564757	0.008420629
-0.20385	0.39303988	-0.2540863	0.22033356	0.25099725	0.2540011	0.2279469	-0.25312793	0.2291095	-0.27818477	0.19931594	0.2488234	0.114610836	0.23678438	-0.25860265	0.14729972
-0.57526505	0.3023701	-0.48436382	0.52992904	0.49132618	0.5415292	0.5617463	-0.5550631	0.56191975	-0.45682064	0.5118204	0.5131138	0.106683515	0.509051	-0.53968126	0.53000855
0.67006963	0.011427261	0.63908917	-0.6963603	-0.6150538	-0.7167574	-0.6779942	0.7288192	-0.7096431	0.67639846	-0.65610135	-0.635434	-0.15615927	-0.68041754	0.6247606	-0.66203743
-0.20589393	0.2941498	-0.13840173	0.19656314	0.15291283	0.2285141	0.23508073	-0.21154349	0.14666456	-0.25297955	0.24587905	0.1579589	0.100977965	0.15834635	-0.1983348	0.21490422
0.2485759	0.02768924	0.2660816	-0.28611448	-0.26162466	-0.27126187	-0.2717731	0.34133238	-0.26536024	0.25891018	-0.3061038	-0.32534125	0.030362312	-0.30153805	0.3112525	-0.3211087
-0.3391344	0.35599345	-0.345986	0.34120604	0.32317057	0.34234738	0.35007304	-0.28270578	0.34236977	-0.30415753	0.30148134	0.310252	0.15710483	0.30775627	-0.3883685	0.2992804
-0.031159054	0.17435148	-0.015767297	0.004437824	-0.013619724	0.0674718	0.0012295883	0.036356386	-0.0057754386	-0.024677148	0.06409995	0.0685085	0.03279155	-0.019747283	-0.059267383	-0.005915325
-0.105515875	0.24429761	-0.032797024	0.009940441	0.00014926068	0.023167351	0.03533707	-0.06759679	0.06368887	-0.062122397	0.060459714	0.11371508	0.0815135	0.0069106836	-0.10076079	0.06127282
-0.69184065	0.32336918	-0.6593512	0.68808085	0.7623016	0.64460063	0.6539667	-0.7243777	0.6419089	-0.6420685	0.5817448	0.59357846	0.20186678	0.7109451	-0.7086704	0.6665119
-0.30802646	0.2037773	-0.31625253	0.2925316	0.2988206	0.31806096	0.3570867	-0.296836	0.332871	-0.3334841	0.27836666	0.29779276	0.15472318	0.28116488	-0.39060178	0.30855498
1.1274925	-0.12732537	1.1245829	-1.182182	-1.152718	-1.2424985	-1.2221367	1.1604745	-1.1994728	1.1275007	-1.0809511	-1.21462	-0.32416496	-1.1248636	1.1315277	-1.1191049
0.5860623	0.11953011	0.68452466	-0.77053463	-0.68402195	-0.5241926	-0.74461704	0.7617359	-0.6233809	0.46703953	-0.53536385	-0.5975507	-0.035082944	-0.6920883	0.6176866	-0.7028974
0.12360568	0.17267019	0.17544118	-0.16651532	-0.15566145	-0.10114992	-0.17414966	0.18614168	-0.17766397	0.0780065	-0.14708263	-0.19094421	0.07478351	-0.20840538	0.14372288	-0.11762714
-0.24254183	-0.06221101	-0.2207972	0.24340373	0.2076771	0.19462918	0.21258223	-0.26744127	0.24149305	-0.124427326	0.13084485	0.16287133	-0.10599101	0.26149112	-0.2278996	0.19727439
0.13568455	-0.15717621	0.12554829	-0.14610331	-0.10801528	-0.13722016	-0.19159177	0.123991035	-0.19629648	0.14137708	-0.16484885	-0.1075767	-0.16927347	-0.1324923	0.19970705	-0.15125431
0.14669791	0.21402287	0.07875378	-0.13326873	-0.07426094	-0.045683715	-0.11675079	0.14702694	-0.17605644	0.07922272	-0.0914829	-0.053307734	0.1300871	-0.12570992	0.07925417	-0.088783816
-0.33744252	-0.026097568	-0.3061737	0.37369385	0.33895588	0.39737517	0.40251315	-0.3678884	0.33804592	-0.36540848	0.3736868	0.36302796	-0.010584162	0.366861	-0.31181306	0.36686432
-0.18872264	0.10036883	-0.16892919	0.16894321	0.21679898	0.16257375	0.22238028	-0.23051302	0.21766363	-0.18629242	0.17381427	0.14293025	-0.031232465	0.23723166	-0.14657067	0.109266795
0.5442106	-0.0003752259	0.58985263	-0.5740918	-0.5865886	-0.5323616	-0.5992452	0.56830007	-0.55918604	0.5652828	-0.47918627	-0.50787425	-0.15269856	-0.61812854	0.5684664	-0.5659435
-0.16527864	0.2600912	-0.08347181	0.114139035	0.10870169	0.100442596	0.118256286	-0.13062274	0.11593684	-0.08213859	0.14786226	0.13311872	0.0113581605	0.109733716	-0.158557	0.10388631
0.08627184	0.22769928	0.16310097	-0.15579122	-0.12219326	-0.1507092	-0.1923658	0.18388271	-0.14733021	0.06464038	-0.13846256	-0.108950205	-0.038319547	-0.16133973	0.10674144	-0.23535682
0.22864799	-0.07030125	0.19987723	-0.26980975	-0.22301212	-0.25605053	-0.24990006	0.2733729	-0.2456357	0.22393784	-0.1735052	-0.2580751	-0.19563273	-0.2229661	0.26508138	-0.23067193
-0.09230441	0.1581975	-0.061654232	0.115555815	0.09716279	0.14612934	0.095567904	-0.046542414	0.0820475	-0.053797394	0.085118026	0.07206357	-0.013231611	0.11425334	-0.12172312	0.05138171
0.14643084	0.043417096	0.10719498	-0.21900582	-0.19548146	-0.14882825	-0.20750047	0.17404318	-0.11860795	0.115067504	-0.13829581	-0.14851765	0.038216155	-0.18731844	0.11517511	-0.19716166
0.18814954	0.14173707	0.2215975	-0.16316229	-0.20816642	-0.16899796	-0.24730912	0.20719218	-0.24284498	0.18943843	-0.18457098	-0.18091598	-0.1372755	-0.2503489	0.17451376	-0.22342712
-0.2188976	0.17729808	-0.14380655	0.18496582	0.16367264	0.2582535	0.19850454	-0.21943931	0.16996019	-0.20491773	0.25823024	0.21997148	-0.010560292	0.15820566	-0.15585302	0.14736556
-0.07746436	0.23370457	-0.074485846	0.06932303	0.097942516	0.04612088	0.108517826	-0.067131735	0.1343399	-0.10873632	0.06097544	0.10813959	0.07321647	0.09370128	-0.11891592	0.05729299
-0.51045436	0.3317582	-0.49263483	0.49246526	0.56855905	0.56320393	0.5063205	-0.52432114	0.5570395	-0.5567844	0.49789527	0.50615764	0.24985187	0.55925226	-0.52503073	0.47157013
-0.13484874	0.26323497	-0.088084504	0.104904816	0.12714897	0.16468993	0.17203817	-0.075010225	0.18166624	-0.23416618	0.15267779	0.106912985	0.29022604	0.119839534	-0.10834195	0.07620711
-0.2531919	0.32735303	-0.22794452	0.17211652	0.22062866	0.2040496	0.1677009	-0.22511934	0.23562533	-0.2862965	0.19673546	0.2309222	0.26827827	0.2084758	-0.17653252	0.21112275
0.03885051	0.2982518	0.029079275	-0.0552345	-0.024997285	0.009103663	-0.042103834	0.08350164	-0.07863912	-0.09692325	0.026536923	-0.017239107	0.19045697	-0.08540909	0.022949636	-0.055731714
-0.124396764	0.22138183	-0.101574235	0.14289334	0.07791488	0.12026329	0.11550135	-0.14064768	0.06994792	-0.16006006	0.10856133	0.13886961	0.043979313	0.06440381	-0.1257227	0.05055455
0.10785839	0.06932642	0.04169816	-0.077583134	-0.0699303	-0.046639457	-0.10644928	0.042161364	-0.035974365	0.06869593	0.0085969865	-0.081420526	-0.0032054689	-0.10926302	0.093648925	-0.05872412
0.28882146	0.17419143	0.25000858	-0.25420448	-0.26525658	-0.22036222	-0.24796294	0.27454814	-0.22871025	0.17110999	-0.20200376	-0.26425263	-0.007948581	-0.25164163	0.2990885	-0.31975833
-1.1188639	0.37723354	-1.0366392	1.0634425	1.0573934	1.008868	1.1295261	-1.068517	1.0674388	-0.97705305	1.0920131	0.9893068	0.41961583	1.1260706	-1.1641569	0.9800939
-0.24662252	0.25735936	-0.2910425	0.2491922	0.30215618	0.2772774	0.3033714	-0.23951116	0.25295272	-0.23298794	0.22175288	0.24800715	0.19730404	0.23460473	-0.28933492	0.24481787
-0.01658314	0.16280267	-0.014279368	0.027607424	-0.029552171	0.05803263	-0.02317734	-0.009283097	-0.053126447	-0.056518443	0.017790612	-0.01931086	0.07291709	-0.008825029	0.011089385	-0.0025488774
-0.9780733	0.37940282	-1.0139804	1.0117111	1.0745065	0.99742573	1.0573729	-1.0199314	0.97139674	-0.9912978	0.8490734	0.87524396	0.3555996	1.0542305	-0.97502893	1.0007198
-0.22639632	0.059567608	-0.15565668	0.21066387	0.18856287	0.1974539	0.14684702	-0.14169885	0.18204081	-0.20739375	0.15909058	0.13197121	0.063359015	0.22990502	-0.20129283	0.17457275
-0.05958457	0.033896036	-0.036891196	0.11035215	0.032406118	0.07197091	0.1107093	-0.08162244	0.040007643	-0.022736788	0.03847366	0.10552589	0.0012828577	0.13395952	-0.067324	0.12769908
-0.06753514	0.19848643	-0.03659702	0.04518662	0.08122077	0.03734302	0.034679297	0.00788971	0.050342795	-0.05806943	0.030220596	0.06406162	0.12570997	0.03427766	-0.056493755	0.042896774
-0.9513398	0.38515106	-0.8566439	0.92282337	0.8726895	0.9113665	0.9107055	-0.91513383	0.8991813	-0.77867925	0.82997316	0.82081044	0.24699351	0.9290143	-0.93531436	0.8545406
0.16536668	-0.21739736	0.17040935	-0.20184718	-0.19507067	-0.20518535	-0.18540855	0.17205213	-0.19137165	0.20493755	-0.20594795	-0.13751176	-0.15205519	-0.19970539	0.20243478	-0.16758111
-0.81783396	0.04214105	-0.7798459	0.7825457	0.72286123	0.82328266	0.85298824	-0.8380841	0.8439328	-0.6793416	0.68506855	0.68840706	0.25242773	0.7895453	-0.7860467	0.7562188
-0.07556636	0.27137452	-0.077550426	0.09752581	0.12258209	0.065441124	0.103473105	-0.054745253	0.06726525	-0.056253023	0.0903643	0.063428156	0.059205946	0.097107954	-0.07617853	-0.013907628
0.1472824	0.13040735	0.19351043	-0.20029995	-0.20843112	-0.13977224	-0.1237631	0.15938307	-0.15236883	0.097083114	-0.09355845	-0.09994425	0.022825941	-0.14290299	0.19236696	-0.12754278
1.1780264	-0.042333364	1.1520826	-1.1329803	-1.1750044	-1.2023634	-1.1534656	1.199178	-1.1814368	1.1411049	-1.089935	-1.1688386	-0.31351772	-1.0892528	1.1720299	-1.1579907
-0.9518329	0.4128724	-0.84780914	0.8498693	0.8797877	0.93435717	0.9113028	-0.94426304	0.95150274	-0.8476283	0.88223124	0.8315375	0.40191862	0.92727494	-0.98707414	0.8706587
-0.19661058	0.28893036	-0.18242624	0.18035167	0.21643807	0.18958867	0.24650511	-0.2033946	0.21904527	-0.15383436	0.13427316	0.13731879	0.0062380056	0.15550238	-0.23417796	0.18567349
-0.36109084	0.29120597	-0.33545783	0.39097306	0.33709443	0.3886324	0.42629462	-0.35710353	0.33717495	-0.35700977	0.34906754	0.3265425	0.26593813	0.3374204	-0.41924596	0.30296403
0.837385	-0.04691859	0.8491969	-0.8246522	-0.80025744	-0.8204166	-0.8497902	0.8318601	-0.7865591	0.66579574	-0.7167605	-0.7268452	-0.22704606	-0.85914356	0.8128476	-0.83393747
-0.5115332	0.05316756	-0.508408	0.56709695	0.5791126	0.5060822	0.5335005	-0.5703413	0.52835053	-0.4615766	0.4994983	0.53464776	0.08917241	0.6315957	-0.5164624	0.5010768
-0.5252105	-0.07293969	-0.5979025	0.6372213	0.6153797	0.626561	0.55233854	-0.56808275	0.616879	-0.4867958	0.53172046	0.59490263	0.018682592	0.5906558	-0.5935174	0.57036674
0.100652754	0.021934327	0.043018825	-0.09713442	-0.11393465	-0.08464397	-0.09681932	0.107559174	-0.08058039	0.02836659	-0.09981134	-0.08078851	-0.07244758	-0.09760937	0.031103078	-0.14081807
0.24891476	0.050352093	0.31538972	-0.315696	-0.3275974	-0.24841627	-0.26858202	0.27349183	-0.28759956	0.2206087	-0.25928783	-0.24846813	-0.15177453	-0.26526093	0.30733213	-0.35022038
0.31781825	0.11656631	0.29810455	-0.24716409	-0.2163395	-0.23258123	-0.31213906	0.31698373	-0.25704822	0.26486218	-0.24412978	-0.3101749	0.03874255	-0.26984835	0.25942466	-0.25600165
-0.03737837	0.15221117	-0.10565949	0.060266063	0.024956224	0.060962442	0.02290142	-0.053298905	0.040756695	-0.117076285	0.08363292	0.032105908	0.023596233	0.06961706	-0.037046526	0.029085303
-0.016341345	0.16341364	0.0029162718	0.019837193	-0.026496315	-0.0049531944	-0.02304341	0.061804377	0.048077494	-0.03196228	0.0660699	0.04306805	0.052470397	-0.03837778	-0.057478115	-0.0195911
0.5645893	0.10395115	0.58251995	-0.5616569	-0.5935671	-0.5534301	-0.57001215	0.66506773	-0.59631395	0.47687817	-0.4883543	-0.55084795	0.02735952	-0.64514905	0.5767325	-0.6078294
0.04407877	0.13337411	0.016055651	0.002466766	-0.035034023	0.024199804	-0.028681219	0.030997084	-0.044420306	0.011587081	0.044620577	-0.047141008	-0.09308369	-0.026914334	-0.009873951	0.015447839
-0.48993814	0.23668592	-0.4586609	0.4073079	0.4358846	0.41654316	0.46995077	-0.44400823	0.43862647	-0.40030685	0.44868374	0.43126255	0.19238847	0.4213277	-0.49126235	0.46852586
0.3373412	0.045052424	0.28316477	-0.3342313	-0.327715	-0.30652034	-0.37979174	0.37355006	-0.36525086	0.30058542	-0.30381846	-0.2989752	-0.17684618	-0.3682083	0.3162707	-0.3383739
0.24334136	0.040102933	0.27314532	-0.26940694	-0.20957202	-0.16839615	-0.27904692	0.28260532	-0.26254788	0.19430794	-0.15103012	-0.1586576	-0.06699767	-0.19446051	0.19347464	-0.25156218
-0.999033	0.30719206	-0.98859423	0.97405076	1.0206424	1.0162176	1.004739	-1.0336015	1.0060428	-1.0015893	0.99782985	0.982718	0.23716629	0.9905647	-0.97980195	0.9266594
0.616413	-0.09521689	0.60194093	-0.62702507	-0.55639756	-0.53666544	-0.6567719	0.6166815	-0.6592035	0.4951056	-0.5575698	-0.5339295	-0.13883935	-0.5832536	0.57970476	-0.56815135
0.27185178	0.11948011	0.23281273	-0.3272085	-0.26675218	-0.21611848	-0.27375424	0.3121338	-0.24458155	0.23620354	-0.2571528	-0.26802164	0.015921017	-0.2798461	0.25987148	-0.29378936
-1.1744834	0.21817982	-1.080531	1.0777768	1.0921522	1.1828539	1.1009194	-1.1150086	1.0794767	-1.0630641	1.1034163	1.1612116	0.34612125	1.1117363	-1.1235145	1.067595
0.28177837	0.04478648	0.3540233	-0.3200539	-0.3514342	-0.32454994	-0.32542515	0.39004174	-0.3694972	0.37267467	-0.3141313	-0.37129617	-0.06867378	-0.37893474	0.296135	-0.37124202
0.73412305	-0.158047	0.7047828	-0.7036121	-0.6563747	-0.6499968	-0.6967915	0.7293514	-0.69923425	0.6425177	-0.67600673	-0.6980448	-0.23956448	-0.7077234	0.7445895	-0.6779105
-0.10949044	0.12032644	-0.03335197	0.10650148	0.05234573	0.06512732	0.05849026	-0.054684196	0.09795677	-0.10109375	0.045465373	0.08753917	0.039046615	0.027201854	-0.07196449	0.08501472
0.3225687	0.07136716	0.38884985	-0.38554853	-0.34194875	-0.2997488	-0.3967183	0.40553966	-0.38266262	0.30690524	-0.32395127	-0.29903093	-0.032043044	-0.39117944	0.3090637	-0.41527322
0.0008092575	-0.13393937	-0.049458727	0.008639813	0.05513667	0.035056952	0.0055092187	-0.07453819	0.040037874	-0.01303243	0.038925074	-0.012551626	-0.11407983	0.10355479	0.005372578	0.08484043
-0.08718834	0.06624094	-0.10192352	0.04698294	0.032774087	0.046053294	0.12048519	-0.110427074	0.08130232	-0.10298299	0.059786513	0.07135386	0.08258944	0.07589463	-0.06312901	0.011723409
0.40560675	-0.08047528	0.3364756	-0.3738458	-0.34532082	-0.3591774	-0.337759	0.39475206	-0.38821286	0.34534252	-0.3061271	-0.32568946	-0.104771815	-0.36719096	0.38142782	-0.36862624
-0.25824293	0.3092146	-0.17961778	0.23233071	0.24502297	0.19503075	0.21145955	-0.16980638	0.22294441	-0.25580627	0.29342875	0.2837448	0.097391404	0.19283588	-0.24492724	0.20776087
0.65139776	-0.07014796	0.5970526	-0.60732573	-0.6459459	-0.6031864	-0.6667984	0.71713585	-0.6706987	0.5676887	-0.6437899	-0.6891047	-0.23256199	-0.72664404	0.63272357	-0.63690466
0.048163056	0.29336533	0.0029157875	-0.026622843	-0.04472449	-0.017216116	-0.024126759	0.05980848	-0.04438642	0.021245778	0.014950534	-0.0055140234	0.19228241	-0.08033877	-0.0126911625	-0.082786515
0.1411444	0.15947576	0.20279473	-0.20309447	-0.21416156	-0.12863679	-0.22455777	0.19018257	-0.19774131	0.1820109	-0.13271819	-0.14237659	-0.046181068	-0.14481778	0.18499105	-0.17332178
0.40876886	-0.0050897994	0.3023852	-0.3202653	-0.34933877	-0.33574453	-0.379179	0.40190396	-0.35285676	0.30821452	-0.29131037	-0.29525834	-0.12448854	-0.3875731	0.41041732	-0.38401702
-0.34254885	0.12099462	-0.30779377	0.3096324	0.3024139	0.3200531	0.36762547	-0.35884175	0.3781782	-0.33788362	0.33699512	0.38994098	0.08819217	0.3883187	-0.37941244	0.38421553
-0.15167095	0.16451365	-0.1318851	0.15851086	0.14273855	0.19334298	0.13275857	-0.10908778	0.11907807	-0.19302195	0.19037835	0.1607866	-0.0018978377	0.16326511	-0.08647716	0.121006034
-0.002730671	-0.11442264	0.024183294	-0.091059886	-0.06279365	0.0017906673	-0.021824755	0.073813654	-0.02227772	0.032244723	-0.076806195	-0.07895991	-0.13811897	-0.07115066	-0.006430855	-0.083448276
0.14126919	0.05862163	0.13821316	-0.15854304	-0.109848864	-0.1843018	-0.10510608	0.16804065	-0.1525073	0.0763583	-0.16604723	-0.13648134	-0.11399215	-0.16267176	0.18148908	-0.10169475
-0.6838422	0.29427236	-0.6290269	0.69787204	0.61996144	0.6438323	0.662605	-0.6374268	0.6774903	-0.59531885	0.6125685	0.61730826	0.2208224	0.63350075	-0.66460794	0.6421716
0.7179543	-0.09577619	0.6639393	-0.64499396	-0.64749503	-0.6513809	-0.7532636	0.72339374	-0.687662	0.50492024	-0.6098122	-0.6148338	-0.109375104	-0.65900075	0.6854536	-0.7119706
-0.10710789	0.10186215	-0.090001196	0.14102426	0.1016598	0.11278153	0.08164981	-0.12253774	0.1215803	-0.082811475	0.07832547	0.12030178	-0.017215302	0.040894315	-0.1417355	0.09110276
-0.29198536	0.3373022	-0.24501292	0.20868465	0.24498266	0.29567033	0.28109068	-0.23617975	0.3027053	-0.31563434	0.32664937	0.26182413	0.20284314	0.30105197	-0.3054525	0.20859124
0.071279906	0.008631987	0.07890091	-0.020910125	-0.09046613	-0.043289218	-0.03942648	0.05323517	-0.10474275	0.035518847	-0.08350542	-0.07447645	-0.024920342	-0.035419405	0.08294056	-0.00880869
-0.26820052	0.35245758	-0.19875102	0.22534537	0.24053015	0.2639744	0.21777634	-0.22105774	0.265026	-0.2684585	0.20727089	0.20706163	0.15118024	0.21766342	-0.25255764	0.17098893
-0.6080343	0.24423333	-0.6042297	0.61941195	0.5860715	0.60114163	0.6818702	-0.6113032	0.7241129	-0.5969455	0.64494026	0.6019808	0.248702	0.63523483	-0.6757639	0.61430204
0.090400554	0.13527091	0.17436637	-0.11991144	-0.13795389	-0.12689325	-0.11727098	0.12531582	-0.1575073	0.15090708	-0.12610616	-0.10186497	-0.044776384	-0.17219539	0.13393036	-0.11829214
-0.6038281	0.19020651	-0.5843323	0.61012924	0.6279705	0.5963974	0.61712354	-0.6170552	0.55934244	-0.5607092	0.6320391	0.5619668	0.2763903	0.6262067	-0.5778093	0.56752264
-0.20574878	0.22048019	-0.14110664	0.13554183	0.20468287	0.17907752	0.20617197	-0.18438719	0.20645306	-0.23326103	0.23096614	0.22906603	0.117027104	0.1580194	-0.23400468	0.16611177
0.13712856	0.14946197	0.13607329	-0.14629108	-0.14299053	-0.17007591	-0.20170583	0.14476456	-0.16339147	0.11639086	-0.098913014	-0.12030977	-0.019834105	-0.20319425	0.16907084	-0.16430585
0.1664888	0.03173807	0.21382478	-0.21718556	-0.16805197	-0.16188608	-0.19470665	0.18130116	-0.23983757	0.21911797	-0.1702356	-0.19376779	0.01871579	-0.21114178	0.255437	-0.21231684
-0.287375	0.11513634	-0.2114883	0.2508016	0.2363156	0.2567543	0.30239674	-0.2347034	0.22568244	-0.22338504	0.21248516	0.23095988	0.094682224	0.29628685	-0.29558685	0.20722114
0.29076636	0.067624375	0.32022247	-0.3313263	-0.30218443	-0.33033696	-0.31881106	0.26274687	-0.28694147	0.27969947	-0.23694259	-0.25832283	0.012030519	-0.25487205	0.2926265	-0.34763446
0.27971318	0.065019265	0.2623113	-0.22394216	-0.19852568	-0.21030305	-0.24015085	0.21954697	-0.22064699	0.23421302	-0.22600672	-0.22386129	-0.07782981	-0.28210396	0.25646052	-0.2188698
-0.21947026	0.17175956	-0.20095748	0.29047078	0.22922963	0.20151879	0.2726555	-0.20577331	0.21670352	-0.21822177	0.23726307	0.26333225	0.05825723	0.27659717	-0.24164104	0.22651125
0.058998477	0.07379624	0.06571817	-0.13845815	-0.08937955	-0.04069968	-0.10420033	0.07639201	-0.084696874	0.046932165	-0.09039897	-0.14924319	-0.045863014	-0.10999627	0.1250724	-0.14710033
0.14265612	0.02509247	0.082006805	-0.077152655	-0.057853103	-0.15341812	-0.097130805	0.09734623	-0.16972369	0.12626438	-0.1300084	-0.1340872	-0.00356999	-0.0970392	0.101272956	-0.13320391
-0.2507365	0.22589606	-0.15816006	0.21775438	0.20369624	0.2518239	0.19227827	-0.13042745	0.2189923	-0.24326149	0.23869562	0.18654649	0.27422374	0.14071743	-0.20070243	0.16024128
-0.3746571	0.13218904	-0.35108477	0.40320778	0.35332978	0.40634882	0.42848822	-0.42882612	0.4105441	-0.2892332	0.3026079	0.388167	0.16164878	0.37938243	-0.38257658	0.4308735
0.47469082	-0.053004205	0.47781453	-0.46334088	-0.48407996	-0.4842117	-0.45500124	0.45387742	-0.48901692	0.42129403	-0.41221672	-0.39837214	-0.09704764	-0.507741	0.4950202	-0.4530555
-1.0632052	0.31582648	-0.9834068	0.98695993	0.93700725	1.0228845	1.0292118	-0.9842286	0.9996198	-0.86446863	0.8778008	0.9451001	0.3822343	0.97024155	-1.0013742	1.062847
-0.20090038	0.19785051	-0.21901016	0.22142838	0.20994204	0.22066145	0.21443266	-0.18922698	0.19851907	-0.3069349	0.22390497	0.22361968	0.16955268	0.22343875	-0.26452836	0.21314651
-0.5070324	0.2840934	-0.530877	0.49721122	0.5232933	0.50664073	0.53595924	-0.4537496	0.55124664	-0.56379217	0.47316203	0.52484614	0.14836118	0.51474804	-0.52002645	0.4696596
0.92943496	-0.025282133	0.90114653	-0.960226	-0.83883023	-0.85673547	-0.9521307	0.9552359	-0.8797393	0.80655825	-0.87409925	-0.79193383	-0.182578	-0.9429153	0.90984356	-0.88029313
-0.18908672	0.05879044	-0.21729314	0.18956314	0.23871407	0.16536774	0.22769362	-0.14470878	0.17138314	-0.21253528	0.19945106	0.16432446	0.046308625	0.1788843	-0.1492709	0.21794674
-0.26995525	0.07467108	-0.27816242	0.24348523	0.27605134	0.31573874	0.29218653	-0.33779758	0.32624164	-0.29030183	0.28654173	0.27613115	0.08827215	0.23385432	-0.23714699	0.24687093
-0.6170508	0.32735083	-0.5340436	0.5971429	0.5928852	0.6013677	0.55927634	-0.5261755	0.59055656	-0.57486486	0.57764673	0.55745685	0.24314043	0.5528986	-0.6077932	0.49692038
0.21330447	0.17939338	0.22537075	-0.23450743	-0.2326362	-0.16371462	-0.30192384	0.34290043	-0.33407345	0.19633771	-0.21000324	-0.2507938	0.12062021	-0.3259204	0.26748443	-0.3151728
0.050809305	0.15676942	0.026746046	-0.09026101	-0.048653174	-0.03705608	-0.09483126	0.10621311	-0.04846485	0.020939814	0.018130906	-0.047447164	-0.004641927	-0.035115324	-0.020726718	-0.06582785
-0.48317066	-0.001826206	-0.49023932	0.51204413	0.45236537	0.4180595	0.47166595	-0.47826844	0.4912294	-0.32048336	0.37294194	0.4000086	0.041528076	0.49334085	-0.45166498	0.4341477
0.31240767	-0.0013905471	0.23594522	-0.29877496	-0.27953526	-0.26007867	-0.29172045	0.24438739	-0.27979466	0.19828887	-0.21128064	-0.29449928	-0.038163483	-0.28877574	0.3128347	-0.2430983
0.058549907	0.11622187	0.07880147	-0.09802693	-0.056327626	-0.07343769	-0.10676013	0.08505456	-0.0448606	-0.007726414	-0.064666696	-0.022675944	-0.06364802	-0.10149119	0.07660999	-0.12983184
-0.45834693	0.22333309	-0.4506569	0.48605627	0.5342622	0.5352991	0.49698317	-0.47504205	0.49816617	-0.5333308	0.47544092	0.54278445	0.11888135	0.46076044	-0.49894014	0.46338454
-0.31308347	0.22751056	-0.3191772	0.28202826	0.34323347	0.36134002	0.29239354	-0.2844827	0.35185766	-0.28648904	0.3017123	0.33905226	0.16302255	0.34237078	-0.36225015	0.33213022
0.26117432	-0.015147287	0.21773647	-0.23395367	-0.27486452	-0.253412	-0.27318898	0.26535678	-0.24733722	0.27184772	-0.26616982	-0.2308643	-0.1056869	-0.27570525	0.22236322	-0.27539662
0.2821277	0.058805134	0.30895227	-0.24992569	-0.24317124	-0.2386652	-0.2406361	0.27147678	-0.31040218	0.29325047	-0.29894856	-0.22097272	-0.12084095	-0.27052972	0.32938313	-0.2450805
-0.06406016	0.18151453	0.019750876	0.028048184	0.07247871	0.011084373	0.060455505	-0.040549356	0.015478608	-0.08413372	0.009594141	0.06352563	0.145727	-0.040973138	0.0068556904	-0.041931145
-0.46877488	0.12805311	-0.43531728	0.3910406	0.40037107	0.38770086	0.39150086	-0.36787882	0.41110322	-0.40801236	0.4045995	0.377486	0.14081228	0.3857937	-0.4668661	0.41913477
-0.24096408	0.14622146	-0.19979869	0.2897218	0.2415155	0.24930586	0.1926271	-0.27042586	0.21137843	-0.24780208	0.27550283	0.26050764	0.100038044	0.2538232	-0.29596457	0.24816953
-0.5128605	0.18122093	-0.47519255	0.44279253	0.44332018	0.48950586	0.5006166	-0.51325387	0.4554786	-0.43458334	0.4994882	0.5016397	0.25216374	0.5089929	-0.4985744	0.47221524
-0.39540172	0.12355478	-0.45881385	0.47129682	0.3978914	0.38169166	0.4335059	-0.40413848	0.42340225	-0.35634807	0.43745357	0.4086708	0.17359379	0.46169022	-0.40591922	0.443713
0.41388118	0.026378911	0.39474365	-0.44434455	-0.37118956	-0.32639095	-0.48227468	0.4343445	-0.46006212	0.32128093	-0.36694866	-0.34310946	-0.053638823	-0.49968436	0.43206787	-0.45047152
0.17767209	0.06518785	0.1992814	-0.1998102	-0.2240926	-0.25101873	-0.27768445	0.22866379	-0.2784973	0.17259614	-0.15544811	-0.21102066	0.017308993	-0.26087573	0.24806069	-0.16908
0.3726024	0.10452607	0.37762943	-0.41462058	-0.377028	-0.39425144	-0.37990555	0.36635873	-0.41607407	0.39796525	-0.31340846	-0.41140392	-0.0016564501	-0.36310947	0.34008914	-0.3556474
0.43437237	0.012525424	0.43282893	-0.3612599	-0.4193832	-0.40138152	-0.40904474	0.43167534	-0.39852422	0.38015112	-0.34686804	-0.36660874	-0.058918517	-0.41154027	0.35161936	-0.41289547
0.03763871	0.20694582	0.073197976	0.009832801	-0.030413104	-0.030359896	-0.01432557	0.07764801	-0.04739964	-0.0035117825	0.009174151	-0.008557275	0.11945251	-0.059660338	0.044018	-0.037177432
0.15100151	0.06878012	0.07339534	-0.08536688	-0.13898575	-0.11378907	-0.1418877	0.12075336	-0.06580782	0.15259646	-0.07455483	-0.098780885	-0.015858253	-0.14052978	0.110116035	-0.088263094
-0.01235035	0.097237684	-0.0054674186	0.048154622	0.037146416	0.08343171	0.011831533	-0.050990585	0.0041935435	-0.04806313	0.06141822	0.015760288	0.046569422	0.06462917	-0.050424613	0.05921973
0.047723684	-0.011859018	0.0295626	-0.063284464	-0.075488105	-0.091112055	-0.06131038	0.041697938	-0.13187106	0.08587386	-0.11898099	-0.060964964	-0.039402112	-0.077294044	0.07113855	-0.107633814
0.96865505	-0.034955233	0.9179673	-0.9366702	-0.9921442	-0.96170545	-0.9358477	0.92313015	-1.0083113	0.8772593	-0.9395155	-0.9858517	-0.2469024	-0.90167207	0.9714842	-0.9319968
0.24673195	0.014105008	0.23230413	-0.2424928	-0.24477886	-0.2699898	-0.3074943	0.2954816	-0.25196907	0.26570243	-0.24808705	-0.26105082	-0.10233928	-0.25118414	0.25626516	-0.23081361
-0.13385601	0.05405065	-0.119530335	0.11051313	0.16555302	0.15690161	0.07898706	-0.10462289	0.124036856	-0.11671377	0.14291206	0.14165999	0.015727006	0.09082406	-0.10627925	0.0482841
-0.7548983	0.37558705	-0.744944	0.7965621	0.6738224	0.79978454	0.8287491	-0.83965075	0.71324074	-0.6759123	0.6741581	0.6731799	0.2995903	0.73071456	-0.7569936	0.7748832
0.17394301	-0.034446776	0.102188915	-0.17067531	-0.14045754	-0.13224351	-0.12039864	0.12630035	-0.10085274	0.07677292	-0.14385478	-0.08037812	-0.06490445	-0.098208964	0.12066002	-0.17185046
-0.22539927	0.21088493	-0.21628651	0.22663775	0.21543588	0.19033875	0.25854263	-0.24765965	0.23533985	-0.19650736	0.26609045	0.2409719	0.16028756	0.2523276	-0.2619289	0.22491732
0.17373821	-0.002388374	0.19177307	-0.2073795	-0.16866319	-0.2387284	-0.24050097	0.17492354	-0.20291097	0.20930652	-0.17265038	-0.23917861	-0.0036427672	-0.17478925	0.21481681	-0.19579025
-0.59614325	0.2107652	-0.5052617	0.5562116	0.60096335	0.64951867	0.58845544	-0.5858421	0.5313578	-0.5480262	0.5395092	0.53239304	0.22010802	0.54637855	-0.5932476	0.58384156
-0.073346086	0.054633107	-0.018275712	0.05276336	0.010737897	0.070550725	0.027690794	0.011718579	0.07550466	-0.01090652	0.051063657	-0.014601405	0.06973115	-0.018436776	-0.00914252	0.014396885
-0.43327385	0.19897869	-0.37222257	0.39986482	0.4129098	0.3824816	0.37898615	-0.3974873	0.4052783	-0.43288624	0.4074405	0.4453361	0.24491261	0.3744275	-0.43912497	0.38844335
0.54123795	0.007225983	0.5211336	-0.5510629	-0.5651556	-0.5791572	-0.5719712	0.58438164	-0.507494	0.58853155	-0.5706004	-0.6005309	-0.104383305	-0.5797317	0.5529609	-0.57566905
-0.02662514	0.10633969	-0.04619582	-0.008142311	-0.0011323784	-0.01788656	0.058330268	0.011928748	0.0035130747	-0.0027486405	0.072348215	0.0035593053	-0.021092286	0.032461673	0.015450336	-0.031397406
0.5331816	0.021722129	0.56404585	-0.58203906	-0.5708734	-0.63019043	-0.5359125	0.61674803	-0.58862996	0.5965053	-0.50639236	-0.6106933	-0.08323172	-0.5670418	0.58525056	-0.60886073
0.14212054	0.10500053	0.13930908	-0.16967349	-0.10433984	-0.064290255	-0.11779244	0.115892336	-0.10009542	0.070647486	-0.068356685	-0.13167217	-0.07447167	-0.13263193	0.119936794	-0.17984013
0.5439336	-0.013957172	0.44220135	-0.49925172	-0.48179987	-0.50831634	-0.5357401	0.5078473	-0.46542624	0.39114544	-0.41576666	-0.43431556	-0.12555996	-0.4848189	0.5131407	-0.5162425
0.44004217	0.04107336	0.45082533	-0.50514174	-0.51174986	-0.52777827	-0.4531029	0.50659674	-0.4979315	0.42699566	-0.50631976	-0.49194413	-0.12540615	-0.51008064	0.4546799	-0.5150758
0.118640855	-0.17633021	0.13749558	-0.11952091	-0.13507621	-0.116011396	-0.067836486	0.07207687	-0.11280467	0.06803055	-0.066906296	-0.08820015	-0.12344929	-0.1292794	0.057834268	-0.10869819
0.54243475	-0.047338776	0.5402113	-0.6111578	-0.5271347	-0.5208261	-0.6107291	0.5656747	-0.58474225	0.4635868	-0.521643	-0.49067992	-0.19893588	-0.56409013	0.6023329	-0.5947005
-0.4547318	0.12711905	-0.42464274	0.38228434	0.37643337	0.36421683	0.44230217	-0.42765218	0.42834574	-0.42652193	0.40463588	0.4280049	0.26201332	0.38776377	-0.36260843	0.3436467
-0.4096241	0.2453537	-0.41290328	0.45152122	0.40006143	0.46210566	0.45444995	-0.41413206	0.40426394	-0.39805117	0.48472258	0.43847525	0.23104027	0.45222673	-0.4201691	0.39530906
-0.30016977	0.1092028	-0.2718369	0.27134982	0.24134457	0.28942055	0.2766115	-0.27613434	0.25860086	-0.24168724	0.22768173	0.26029763	0.15749024	0.23218794	-0.27880356	0.30087247
-0.37205788	0.23871431	-0.43741933	0.3981276	0.44694477	0.44487935	0.39148924	-0.40355	0.39747405	-0.38892153	0.4634826	0.44599935	0.11178927	0.43464276	-0.42455375	0.40025482
0.13760614	0.07488139	0.0807451	-0.14871241	-0.11045264	-0.0941125	-0.14662446	0.10797467	-0.05378473	0.036790352	-0.07180423	-0.060410872	0.015332805	-0.10119542	0.05411176	-0.12779146
-0.5219402	-0.13652134	-0.4757269	0.5372408	0.49419987	0.5258803	0.5368903	-0.52828956	0.5280261	-0.43721208	0.39618987	0.49776915	-0.0026514623	0.46726424	-0.52539337	0.5283945
-0.16819386	0.13005278	-0.18199597	0.20473276	0.17822501	0.18998176	0.15938027	-0.19553107	0.20742156	-0.19624072	0.17604722	0.2180693	0.024272146	0.18667528	-0.13699077	0.18163833
0.11869531	-0.010367808	0.18040921	-0.18709067	-0.11429167	-0.13143192	-0.12421144	0.11264608	-0.18437792	0.11726702	-0.18781434	-0.20824394	0.009422402	-0.18075818	0.11847114	-0.11737113
0.36270845	0.17961736	0.3526877	-0.37040028	-0.27965966	-0.32264912	-0.3853796	0.3284587	-0.37428886	0.2308228	-0.3061313	-0.3063705	0.05001161	-0.40577474	0.3532667	-0.31124422
0.029117303	0.16018549	0.015888294	-0.10538379	-0.04543136	0.01303948	-0.0112435175	0.099442765	-0.07840886	0.06448928	-0.028881406	-0.035533763	0.12574668	-0.09071449	0.03513445	-0.08755828
0.87504804	-0.14926438	0.87011504	-0.90800476	-0.8928229	-0.8221458	-0.8701269	0.8818769	-0.8801911	0.77453935	-0.75249195	-0.76704043	-0.34691685	-0.8927312	0.86216193	-0.8818784
0.44350082	-0.10321216	0.46499485	-0.42678636	-0.50623703	-0.5150346	-0.49402437	0.4817671	-0.44107533	0.44523725	-0.47475025	-0.46113083	-0.15214476	-0.4321417	0.45314458	-0.456261
-0.14755578	0.04500058	-0.12975262	0.16516745	0.15772745	0.20017342	0.18612576	-0.15859094	0.18600678	-0.1401391	0.13083825	0.13313968	0.034197606	0.18882445	-0.1251257	0.13871345
-0.31964266	0.1624882	-0.3159237	0.28995755	0.29096058	0.32849503	0.3236297	-0.26793543	0.29358083	-0.30586657	0.32921347	0.32640508	0.18103275	0.27131617	-0.28041753	0.31446144
0.017686661	0.0868925	0.037124634	-0.025451915	-0.08858929	-0.078033894	-0.07878152	0.025554981	-0.09739309	0.06587091	-0.056334723	-0.0959826	0.016727693	-0.11716422	0.044227634	-0.0490248
-0.09100017	0.03356433	-0.09645371	0.06506088	0.07164715	0.096027486	0.06249264	-0.030282263	0.032929454	-0.045119435	0.028307837	0.02903875	0.04749802	0.06840348	-0.061053652	0.021294547
-0.3184399	0.25313628	-0.35579535	0.33004928	0.34394014	0.33778378	0.31742296	-0.28207278	0.36155495	-0.37073606	0.3055009	0.30988884	0.21478572	0.29807585	-0.30964828	0.28490695
-0.3977657	0.25217304	-0.3163013	0.35956547	0.38310075	0.38455302	0.36260667	-0.30354366	0.38350856	-0.3629594	0.326641	0.31179145	0.25307837	0.3067844	-0.36708808	0.3179813
0.45327485	0.097717986	0.46275562	-0.48132965	-0.498127	-0.49612007	-0.49271595	0.56984216	-0.5472223	0.39537933	-0.3699775	-0.48415035	-0.077869795	-0.47737038	0.52683294	-0.57596266
0.12924306	0.1354149	0.120502256	-0.19019707	-0.18286309	-0.14621401	-0.17668833	0.136335	-0.18698487	0.17007755	-0.15602766	-0.11807535	0.038397867	-0.22025423	0.15598461	-0.19020599
-0.326005	-0.12346871	-0.28637597	0.32723162	0.29890993	0.28557143	0.2883098	-0.34871125	0.2728135	-0.27469647	0.25639972	0.31790754	-0.033010684	0.32800636	-0.31562087	0.37706622
-0.03575	0.16056018	-0.04789047	0.05052302	0.05149419	0.027183654	0.07682726	-0.047007754	0.03774899	-0.09220027	0.072774805	0.06088808	0.07817281	0.03884274	-0.06796103	0.08347506
-0.13918121	0.19703986	-0.13892421	0.14218569	0.15886009	0.17688969	0.16626349	-0.17337054	0.11248334	-0.2263798	0.17456429	0.16695923	0.18608351	0.11576528	-0.21008152	0.17421658
-0.29633042	0.071388245	-0.23419666	0.23128943	0.2830347	0.29115245	0.32223994	-0.30909985	0.2390985	-0.26687595	0.19781555	0.19516647	0.04795852	0.2948285	-0.22703873	0.23438345
-0.12373814	0.08908482	-0.09437898	0.06489564	0.16550066	0.10828195	0.11708429	-0.10312363	0.1608551	-0.0952557	0.12332432	0.17773667	0.098787315	0.06967093	-0.18002066	0.12469018
-0.2807035	0.29809338	-0.23303665	0.27960998	0.26981634	0.24059151	0.26202372	-0.2806968	0.31602663	-0.31375328	0.31986746	0.3033573	0.19488473	0.27433348	-0.2914633	0.15957186
0.16943343	0.15953523	0.26253808	-0.20450243	-0.24265088	-0.18640886	-0.2547108	0.19445284	-0.22755139	0.2122306	-0.20451973	-0.17315906	0.011803824	-0.19273096	0.18730074	-0.23426045
-0.20146288	0.095334075	-0.1283976	0.1727875	0.21409269	0.24413903	0.14952616	-0.21153103	0.19952144	-0.17273168	0.1750602	0.17564808	0.04685924	0.21870033	-0.22481753	0.205526
-0.23624963	0.13109824	-0.22783777	0.296548	0.29362392	0.24354553	0.21679905	-0.29281276	0.30236036	-0.29900497	0.21862087	0.29072833	0.11690193	0.24319856	-0.22050181	0.27682477
0.15014298	0.07700983	0.15942833	-0.24135569	-0.16011083	-0.15500726	-0.22603281	0.15556447	-0.18711142	0.14777717	-0.1274304	-0.12351536	-0.12988067	-0.21768509	0.17970714	-0.2572845
-0.58692175	0.29121307	-0.66066265	0.584815	0.6900404	0.5379732	0.60619134	-0.6368931	0.60656875	-0.54027724	0.5103797	0.55407107	0.28037718	0.5891865	-0.56663895	0.5934254
0.14518656	0.11793393	0.17538776	-0.23878565	-0.14131598	-0.189269	-0.21932475	0.21700333	-0.24435346	0.1271573	-0.1921442	-0.20858304	0.0149465855	-0.18117645	0.21802153	-0.16657494
-0.2666584	0.21602885	-0.21456559	0.1811144	0.26358476	0.19322923	0.27511477	-0.20981252	0.17202358	-0.20531373	0.19878222	0.22618525	0.13881409	0.21620722	-0.2701002	0.22377782
-0.81168413	0.24473293	-0.7768824	0.8056185	0.8055001	0.8540062	0.81166697	-0.82688034	0.8109313	-0.78628814	0.77323467	0.79206574	0.35949427	0.82663673	-0.777187	0.7780298
0.10881155	-0.011211764	0.13006169	-0.19809185	-0.1890223	-0.12069008	-0.17203456	0.16266662	-0.12840852	0.111750975	-0.12636423	-0.18441369	-0.08683753	-0.20017403	0.17834367	-0.15452133
0.5312997	-0.08807248	0.48857647	-0.5205615	-0.49656695	-0.50916773	-0.4943967	0.5399335	-0.5147583	0.53318477	-0.43823236	-0.5424386	-0.12960356	-0.52164274	0.474903	-0.45324865
-0.2872002	0.11102945	-0.27293286	0.30121946	0.29133743	0.30829936	0.29464427	-0.26286724	0.3184638	-0.29934624	0.30270463	0.33360124	0.118163645	0.31679013	-0.28788233	0.27173293
0.15387866	0.022904325	0.23895404	-0.18554741	-0.19105749	-0.1529438	-0.15756117	0.20593935	-0.16218139	0.1912224	-0.10299732	-0.17438963	-0.04664698	-0.27535558	0.18500413	-0.17128323
-0.6009585	0.19049472	-0.61020035	0.6389542	0.60574955	0.6699336	0.59391433	-0.6067029	0.5867535	-0.65258443	0.57883805	0.60223	0.21306393	0.55919254	-0.6723304	0.61530775
-0.2044722	0.17844255	-0.20275682	0.17567098	0.24935482	0.19834946	0.23455463	-0.23379715	0.20041136	-0.16429265	0.23142715	0.24089196	0.15259907	0.19229162	-0.213921	0.23088348
-0.2439003	0.1376474	-0.25737292	0.28755805	0.2512387	0.27096364	0.34524873	-0.3268331	0.31797907	-0.22419296	0.24014227	0.27653962	0.13414447	0.29845503	-0.33799365	0.3059897
-0.47760975	0.13395447	-0.4748528	0.53700894	0.5151701	0.529204	0.5368593	-0.5100876	0.4645161	-0.52365464	0.5335251	0.46674323	0.18420409	0.5008123	-0.5377035	0.48383397
-0.13271622	0.17574546	-0.104028136	0.16421477	0.18032281	0.1295829	0.14670838	-0.16676953	0.18579108	-0.16562542	0.13719842	0.13781942	0.118053265	0.11696279	-0.09680087	0.087894455
0.29489726	-0.07604681	0.2542367	-0.22672914	-0.19237122	-0.19230485	-0.2919345	0.21076271	-0.27022612	0.16678108	-0.25296184	-0.19946164	-0.025127057	-0.2827151	0.2948013	-0.19233789
-0.3090392	0.17220321	-0.2728567	0.3119034	0.31552592	0.30274174	0.30109534	-0.32109457	0.33469456	-0.31674656	0.33840096	0.3407202	0.19488154	0.37441912	-0.36861184	0.3522023
0.7478524	0.15646859	0.76425844	-0.84467626	-0.8076099	-0.7636848	-0.79773146	0.78201437	-0.8149658	0.7748366	-0.71737826	-0.8149597	-0.21704088	-0.7797097	0.7739656	-0.75536853
-0.017800648	0.20554818	-0.006330945	0.010867139	0.045413923	0.026870675	-0.029993558	-0.029222468	-0.022542167	-0.019773938	0.043443073	-0.028605515	-0.0036172299	-0.04584449	0.026034273	-0.043271396
0.14548713	0.07696939	0.20671076	-0.14037278	-0.17536858	-0.14246358	-0.23204945	0.2369064	-0.16933241	0.13159624	-0.174516	-0.123873636	-0.041616622	-0.16288719	0.18261723	-0.2025924
-0.439681	0.20955375	-0.44271377	0.4140341	0.4896363	0.4587752	0.46395168	-0.4270726	0.50672907	-0.42841616	0.42431042	0.4605638	0.21722955	0.47186428	-0.46190393	0.37368894
-0.48224247	0.17943723	-0.40799958	0.42278132	0.430167	0.48116392	0.4939517	-0.4994817	0.45444614	-0.40096003	0.4101677	0.44471806	0.12226518	0.5044784	-0.51851225	0.43243656
-0.6777194	0.17299494	-0.6727816	0.71027184	0.70756024	0.6860516	0.71188116	-0.6496746	0.6576446	-0.65452564	0.6746334	0.6591349	0.22562689	0.6822117	-0.7168528	0.65372825
-0.29308817	0.13777764	-0.22823383	0.18286331	0.18222265	0.20598783	0.21500203	-0.19150107	0.25608602	-0.20919289	0.21331069	0.22343372	0.14150141	0.19650598	-0.2732936	0.24313143
0.12742396	0.094966136	0.0602142	-0.07226592	-0.059805214	-0.070793435	-0.04186589	0.081307136	-0.0672437	0.027514264	-0.05788932	-0.07501998	0.029251102	-0.08052795	0.09985085	-0.089242145
-0.2980624	0.20404524	-0.27774796	0.2982953	0.2474292	0.2589896	0.2647213	-0.2606511	0.28289026	-0.2717916	0.28945553	0.32082477	0.1301948	0.31830877	-0.31152937	0.1951391
0.038052224	0.06270412	-0.007652267	-0.023480894	-0.015634282	0.0478206	-0.023881901	0.047559302	-0.02525785	0.018600343	0.039456367	-0.012926396	0.018283796	0.04689674	0.023440132	-0.01842755
0.13205986	-0.022552462	0.17426838	-0.12190713	-0.16904283	-0.16877972	-0.17083459	0.21660629	-0.17950206	0.11537845	-0.19005172	-0.21870625	-0.03859976	-0.1605721	0.17768441	-0.17914875
0.33314192	0.053870145	0.33239114	-0.25842255	-0.25057808	-0.31885764	-0.272821	0.30555525	-0.3301067	0.22671093	-0.2857544	-0.2887326	-0.05985561	-0.2818018	0.31999505	-0.30549586
0.52013147	0.11646594	0.5002356	-0.52852976	-0.46356633	-0.4923755	-0.5308316	0.56653935	-0.5102954	0.4365544	-0.42008004	-0.54387814	-0.10007272	-0.55112374	0.5084247	-0.46857673
-0.10379803	-0.033065077	-0.084864266	0.05785326	0.10435544	0.10300382	0.12166921	-0.05600708	0.10448484	-0.11972519	0.08668412	0.08778216	0.03602965	0.06289594	-0.05980602	0.07793652
0.18737215	-0.02523503	0.15178351	-0.17856815	-0.14444523	-0.20712152	-0.15350407	0.22444685	-0.22067231	0.12962209	-0.154027	-0.15145686	-0.076021515	-0.20802787	0.2214311	-0.21660002
-0.24156424	0.11553304	-0.1463617	0.22004597	0.22405155	0.18867563	0.25426653	-0.18814953	0.22160035	-0.19117098	0.17038307	0.19736148	0.2116403	0.14529502	-0.17123267	0.208511
0.18818465	0.0597469	0.13878426	-0.1885214	-0.19258831	-0.17398016	-0.2052857	0.22277494	-0.21174774	0.152993	-0.16355062	-0.15156133	0.008357658	-0.21142995	0.16088921	-0.1493325
0.17442665	0.11763505	0.14917412	-0.08615716	-0.13132684	-0.10188353	-0.084431194	0.17026865	-0.13589332	0.13857023	-0.09169174	-0.13255653	-0.057872575	-0.12290926	0.1487349	-0.09055078
0.46315032	-0.019685531	0.44400495	-0.4656336	-0.4856597	-0.50432205	-0.4328777	0.47421664	-0.5094729	0.46855587	-0.43004358	-0.40910044	-0.19593146	-0.41928488	0.5041614	-0.4459753
0.38648888	0.0184316	0.46565577	-0.4437055	-0.46146595	-0.41389453	-0.42193148	0.41715363	-0.3884538	0.44639915	-0.43419138	-0.46603227	-0.030868853	-0.38205412	0.38628545	-0.39874005
0.0914659	0.20192853	0.11562475	-0.18394203	-0.12013398	-0.12164724	-0.18943392	0.12719427	-0.10056982	0.05168956	-0.11834697	-0.07431042	-0.010316472	-0.14151306	0.13866296	-0.13048472
-0.46972746	0.20255753	-0.3652949	0.3926517	0.40862533	0.47134444	0.45287213	-0.47547555	0.43901515	-0.39659488	0.4564102	0.40022376	0.1666376	0.4379217	-0.45613465	0.42607743
-0.45450887	0.13356812	-0.4136618	0.3877172	0.43694878	0.41187984	0.45699206	-0.4190725	0.40186846	-0.4290987	0.4171282	0.43700024	0.1534158	0.4212689	-0.41964427	0.38867313
0.058658097	0.051623635	0.09761604	-0.11253313	-0.114273906	-0.04136559	-0.11502932	0.11670819	-0.07577561	0.037608538	-0.069799304	-0.054607596	0.024348803	-0.102263086	0.04831739	-0.0455797
-0.059045143	0.19272178	-0.046006173	0.054281805	0.02750386	-0.0117467195	0.00011295671	-0.07732273	0.06733871	-0.04788989	0.032021806	0.0020863302	0.072189	0.084337525	-0.0739401	0.06365882
-0.70624137	0.2627353	-0.6864153	0.7672725	0.765256	0.7586945	0.78993416	-0.7455551	0.7890001	-0.718447	0.7137625	0.77133137	0.2133896	0.7532516	-0.7007568	0.74497944
-0.1092712	0.162742	-0.14499821	0.10729183	0.11408839	0.13985573	0.14931792	-0.15417847	0.14340745	-0.19656165	0.10264796	0.1715031	0.09020831	0.14740773	-0.18299742	0.07701493
0.24870548	0.050758187	0.22737716	-0.256676	-0.22824389	-0.2244405	-0.26549476	0.27494806	-0.27510953	0.22029564	-0.16941096	-0.1702259	-0.040215023	-0.19855538	0.19794346	-0.22315341
-0.6161685	0.12887123	-0.630546	0.62967473	0.6594365	0.6555499	0.58650166	-0.6469261	0.6213344	-0.58325315	0.5882235	0.6337175	0.20062593	0.64894235	-0.6477953	0.64529186
0.36506096	0.057291232	0.35714734	-0.39571604	-0.35762343	-0.39826816	-0.40194133	0.4101169	-0.4474179	0.29595727	-0.37826723	-0.32960474	0.0067301546	-0.35573715	0.4105063	-0.38212144
0.34785515	-0.12478962	0.37961373	-0.39134607	-0.33653325	-0.35047284	-0.3973227	0.31558388	-0.36858487	0.40370995	-0.3361644	-0.32827058	-0.15771182	-0.33039674	0.38618717	-0.37945887
-0.17726186	0.10984105	-0.16515225	0.08653561	0.12006621	0.12905385	0.16494915	-0.16678096	0.09809579	-0.17328286	0.17338641	0.13684377	0.09518505	0.08284834	-0.17259604	0.14648144
-0.6857113	0.1998845	-0.6765824	0.66150945	0.6511089	0.6680036	0.6927521	-0.67433155	0.7468284	-0.71041363	0.6368207	0.69519544	0.30464748	0.71829295	-0.7238632	0.7029575
-0.41211563	0.31151256	-0.37331694	0.46935067	0.4155295	0.4432447	0.42804906	-0.39466998	0.39153978	-0.46427315	0.38188294	0.4191642	0.2750538	0.45180136	-0.49578133	0.46468315
-0.48453692	0.23142406	-0.42125127	0.5281206	0.4056252	0.5107451	0.5316732	-0.4680483	0.4256432	-0.4149976	0.4218526	0.38176778	0.15163332	0.51684034	-0.50247806	0.46122715
-0.72183716	0.20878194	-0.7336038	0.79027456	0.8010041	0.78319794	0.76620495	-0.79220426	0.78114545	-0.75664693	0.7679006	0.7816047	0.26012406	0.76354975	-0.7200669	0.6951914
-0.25646695	0.088763505	-0.286379	0.25026548	0.29630536	0.25957382	0.26371396	-0.24049337	0.27957216	-0.25611308	0.23663983	0.23262115	0.17297027	0.29804778	-0.2996218	0.29627228
-0.24932806	0.17683691	-0.25537923	0.23238347	0.25128573	0.2109861	0.26398548	-0.25657	0.28501734	-0.21460506	0.21073398	0.22555499	0.06655668	0.28615645	-0.29654524	0.18977144
-0.57375413	0.34454522	-0.60453224	0.63104695	0.53960025	0.6298141	0.6057275	-0.63818866	0.59647995	-0.58006936	0.5216859	0.59133536	0.24959072	0.56269336	-0.62563825	0.58243895
-0.011245459	-0.043109525	-0.013586501	-0.044219345	-0.022185203	-0.027337193	0.0030288924	0.03876811	-0.031832628	-0.011430165	-0.06635871	-0.03521384	-0.012354855	-0.056979287	-0.028322617	0.026537776
-0.32866338	0.13327776	-0.36355245	0.33897406	0.35047573	0.39678374	0.3979212	-0.32762578	0.37246937	-0.37159848	0.3177318	0.38905114	0.15893658	0.3980432	-0.41069442	0.3415542
-0.33171406	-0.017549755	-0.2883323	0.32483116	0.30938923	0.28223884	0.31970757	-0.27117187	0.34445167	-0.193258	0.24608481	0.27790752	-0.06967985	0.35629877	-0.31942704	0.33584562
-0.68249065	0.22224282	-0.7295264	0.65692306	0.709771	0.6734794	0.77004987	-0.70972264	0.7555109	-0.6314335	0.70314384	0.73168117	0.32139042	0.71823764	-0.7098851	0.6821175
0.2664518	-0.03216236	0.30203193	-0.28500536	-0.30656347	-0.3071862	-0.3266223	0.30537862	-0.31376025	0.2874733	-0.3225354	-0.2570255	-0.062433884	-0.32098627	0.29706943	-0.24316038
0.11596192	0.21928824	0.08946882	-0.098641306	-0.07565736	-0.014685409	-0.1644091	0.14396973	-0.12205241	0.022886146	-0.11274815	-0.12572369	0.18442696	-0.1430624	0.10260097	-0.158791
-0.19056344	-0.01725241	-0.15174147	0.12955284	0.13723382	0.14014174	0.13847704	-0.12298162	0.1567809	-0.1265004	0.08838694	0.10652195	0.008157577	0.1824001	-0.173267	0.12531033
0.31099272	-0.09362767	0.30658364	-0.36197552	-0.33667845	-0.35144877	-0.36512446	0.34326664	-0.27522573	0.2402642	-0.23670204	-0.27134207	-0.10232304	-0.31221136	0.35928643	-0.34159514
-0.13206111	0.1894447	-0.17928265	0.13478957	0.1859294	0.13463143	0.19103345	-0.12791021	0.17570874	-0.17509548	0.116866335	0.15066195	0.06757152	0.14124712	-0.18870722	0.15981236
0.029443465	0.15931816	0.111293636	-0.032711938	-0.069255695	-0.025381928	-0.048195574	0.05271436	-0.05714888	0.051926762	-0.06472031	-0.054365665	0.022273263	-0.059323225	0.070996515	-0.090789765
0.28580973	0.052661218	0.2332869	-0.2449838	-0.25618488	-0.2505224	-0.22687052	0.21236874	-0.24081935	0.16805983	-0.20175071	-0.22530566	-0.0940919	-0.2697779	0.21556981	-0.28370288
-0.05650965	0.041904155	-0.023179231	0.016223056	0.041507497	0.06748229	0.011848996	-0.0042133355	-0.00068559643	-0.056695674	0.047003284	0.016369106	0.09744735	0.029282395	-0.039433964	0.07184224
-0.218757	0.19360068	-0.19536208	0.1812963	0.18055105	0.1876363	0.20258737	-0.16029133	0.25568244	-0.19064973	0.17551328	0.25706255	0.10862849	0.22902128	-0.2198048	0.20868428
-0.6072965	0.2511279	-0.60436314	0.5354304	0.55028844	0.6200699	0.5575971	-0.61320436	0.6180082	-0.5396057	0.54871863	0.5318852	0.27739418	0.57573223	-0.56162924	0.5515808
-0.13002193	0.12533548	-0.11933381	0.06368242	0.07399742	0.08054801	0.13524774	-0.12564272	0.10520241	-0.11032238	0.14389099	0.08498427	0.034886442	0.12351047	-0.11052903	0.106470205
-0.11781282	0.003056931	-0.06828887	0.032737184	0.08404106	0.045451365	0.0562923	-0.074797265	0.05153854	-0.018698795	0.0877349	0.027291773	0.025751539	0.098404065	-0.08711712	0.094445124
0.0261264	0.08027602	0.023555256	0.0028960044	-0.0024000546	0.059598904	0.062273193	-0.04625773	0.022986045	-0.06908583	0.042594425	0.00920188	0.06650752	0.01435824	0.026704969	-0.027919035
-0.081875004	0.20951791	-0.02106313	0.0151422	0.024795832	0.0884218	0.0626151	-0.062523104	0.08246306	-0.06388243	0.08788787	0.026067901	0.084093004	0.079502605	-0.060181092	0.07581925
0.27393848	0.054293077	0.26732123	-0.2867582	-0.23373641	-0.31182814	-0.2694164	0.28144214	-0.31521732	0.23716179	-0.27716315	-0.22766134	-0.08193533	-0.22849192	0.2749041	-0.24610588
0.015722148	-0.012110841	0.032847416	-0.08353918	-0.051001646	-0.0513068	-0.05334438	0.10213097	-0.08680757	0.074170366	-0.026409175	-0.078433365	-0.015541568	-0.10167243	0.03924444	-0.095182076
0.20058057	0.07414588	0.19303457	-0.23415144	-0.23619671	-0.23854917	-0.21700722	0.20789881	-0.26320633	0.16777802	-0.1698315	-0.22786056	0.011012814	-0.23235017	0.25326172	-0.24477756
-0.07730533	0.17235462	-0.06760699	0.12071782	0.12860031	0.10679171	0.07809247	-0.07990893	0.062030356	-0.06075411	0.088201866	0.12873684	0.09507831	0.06045113	-0.0473055	0.09690469
0.038626615	0.08042015	-0.0120370975	-0.05460176	0.005698662	-0.07014497	-0.0529048	0.0052740253	-0.0032548546	-0.028382445	0.00021118551	-0.042882424	0.03623071	-0.07109912	0.037457857	-0.017434224
0.47590518	-0.077389255	0.47624725	-0.4261152	-0.3944876	-0.40377906	-0.51475096	0.5181231	-0.41613612	0.369896	-0.38773236	-0.43308434	-0.19539298	-0.4552718	0.4676487	-0.45863
-0.34835756	0.27080786	-0.2970248	0.2912538	0.32794583	0.34065032	0.34511408	-0.27556834	0.26389822	-0.27892834	0.26262945	0.32332048	0.23038825	0.32504767	-0.34301728	0.32746565
0.74506295	-0.11198272	0.7823352	-0.7501177	-0.79742765	-0.813293	-0.76841825	0.7294874	-0.74934083	0.6941605	-0.7104338	-0.7329412	-0.25678173	-0.73692393	0.8086754	-0.77795684
0.45381984	-0.09111309	0.50787187	-0.49610505	-0.49641854	-0.48089114	-0.52007693	0.50217646	-0.49740168	0.48060253	-0.43388653	-0.5248881	-0.18992405	-0.45268065	0.52725136	-0.46147522
-0.18897006	0.06860075	-0.17479467	0.16389573	0.15408935	0.15711546	0.19457926	-0.19767557	0.1997778	-0.2300311	0.18751232	0.15669295	0.06037209	0.21776137	-0.17801802	0.18025824
-0.10992223	0.026650378	-0.121642016	0.08714425	0.11263387	0.07342401	0.04887336	-0.08308134	0.06364378	-0.09582594	0.10884814	0.073100865	0.030196147	0.11913871	-0.10008517	0.09243829
-0.51310825	0.11205811	-0.47933358	0.504441	0.4754813	0.42378113	0.48366937	-0.50584584	0.52164567	-0.41116452	0.47490817	0.49317354	0.19910304	0.52727306	-0.4390986	0.49612898
0.09385808	0.040730104	0.0029158643	-0.06962868	-0.0792513	-0.042520735	-0.05468503	0.03913751	-0.0033584188	0.06437774	-0.01482383	-0.006201116	0.015607041	-0.07571395	0.07053966	-0.08496526
0.051068276	0.109806955	0.11580967	-0.10872909	-0.08145983	-0.046226103	-0.1438979	0.06659075	-0.088066354	0.05247642	-0.10867844	-0.050081216	0.053609867	-0.08853314	0.13412127	-0.12464303
-0.8247241	0.12871163	-0.7293773	0.75296843	0.8109644	0.8148796	0.7350001	-0.81279194	0.7815018	-0.7486697	0.73668396	0.80820173	0.23942667	0.7298456	-0.8330638	0.72525364
-0.50881296	0.07606126	-0.41262883	0.4459559	0.48415098	0.46229884	0.47999346	-0.5130086	0.4552957	-0.39838833	0.4526874	0.47377324	0.16392687	0.43438277	-0.47329932	0.49156275
-0.70417905	0.21031715	-0.7344863	0.74943525	0.6858309	0.70329785	0.7568576	-0.7039237	0.71246445	-0.7253044	0.6919915	0.6589567	0.20626187	0.666074	-0.69060683	0.705247
-0.46612498	0.0902092	-0.39543286	0.43365386	0.4683754	0.41308543	0.46766374	-0.4327927	0.45357183	-0.45569202	0.41783357	0.48146242	0.14905898	0.48216277	-0.41831064	0.4731376
0.30872592	0.016742479	0.27073535	-0.29323837	-0.30458853	-0.2705296	-0.33399203	0.36006814	-0.32629982	0.18698512	-0.21787407	-0.3145644	-0.033206858	-0.34416804	0.27112922	-0.34292662
0.638715	-0.0010903914	0.6625558	-0.6694381	-0.5884861	-0.60904044	-0.6950313	0.7065391	-0.6790009	0.62215286	-0.61777043	-0.6958004	-0.20214625	-0.64334583	0.7301984	-0.62636495
-0.40994143	0.12885675	-0.32082602	0.4004436	0.3706626	0.4101838	0.417046	-0.35031366	0.3453146	-0.36700588	0.33741003	0.3953238	0.115837716	0.33110964	-0.34868047	0.39245954
-0.6550108	0.17215666	-0.6695251	0.6548625	0.68980587	0.66318685	0.666429	-0.6546444	0.68061143	-0.657344	0.6954904	0.70118684	0.19363114	0.7086868	-0.6458908	0.7091732
0.19524977	-0.14907362	0.19499068	-0.17158622	-0.15891732	-0.22170083	-0.17774029	0.24534765	-0.22499412	0.1807365	-0.24801973	-0.22311504	-0.15181398	-0.17812133	0.2018913	-0.20788552
-0.77477974	0.18755944	-0.7449993	0.8130869	0.7594596	0.7888963	0.80188864	-0.74612755	0.79152596	-0.745209	0.77062917	0.7616256	0.31232625	0.74157685	-0.84363925	0.79803663
-0.68560916	0.24321826	-0.6455631	0.66957366	0.6873077	0.77163446	0.6897551	-0.7041795	0.7103846	-0.7488996	0.6958304	0.66581285	0.27668488	0.67831314	-0.6947336	0.6345708
0.21891749	0.10426302	0.23364273	-0.26174155	-0.22680888	-0.18591167	-0.22759366	0.27507475	-0.26026452	0.17681639	-0.21090461	-0.26981893	-0.038895003	-0.24514394	0.22048451	-0.25442
-0.26286435	0.062470187	-0.22064847	0.21558784	0.2526197	0.20804559	0.1788971	-0.23985171	0.226458	-0.21639542	0.22346616	0.21022603	0.07218108	0.1909436	-0.26610145	0.19499327
-0.16884199	0.058484975	-0.15936516	0.18213578	0.17094086	0.17482828	0.17445782	-0.1855454	0.15912615	-0.18259278	0.22960494	0.19356824	0.15260187	0.19933516	-0.23140721	0.13748974
0.047583897	-0.020089988	0.07767494	-0.04097033	-0.021846097	-0.04738256	-0.107566364	0.06548772	-0.023146871	0.037181675	-0.04626614	-0.03199272	-0.005993915	-0.068317	0.03778698	-0.09873816
0.13023123	0.1910784	0.17009275	-0.10859242	-0.15880132	-0.09045955	-0.14025411	0.1230243	-0.08337849	0.06433291	-0.11944297	-0.11665507	-0.041752536	-0.18446562	0.103862576	-0.21122842
0.2851324	0.055855867	0.2847655	-0.30892968	-0.28776014	-0.35301894	-0.288322	0.38113797	-0.3137183	0.26986504	-0.22465236	-0.27624708	-0.07151933	-0.36758202	0.3565047	-0.37431583
0.06313426	-0.020391881	0.047102094	-0.06302381	-0.052037686	-0.031704824	0.009102128	0.053294595	-0.023373839	-0.00842809	0.006851541	-0.050197963	0.034500543	-0.05568344	-0.030110614	0.027346486
-0.6060867	0.30256104	-0.57163006	0.60621864	0.5268068	0.564249	0.5916636	-0.5436288	0.63720924	-0.52210605	0.5834023	0.6186489	0.24846302	0.6147537	-0.5658889	0.50364745
0.08487554	0.09902463	0.07872884	-0.14288007	-0.15743959	-0.09400904	-0.13401762	0.12547418	-0.09218748	0.13214232	-0.07962333	-0.14599766	0.05605595	-0.085644305	0.084182404	-0.096907154
0.21712129	0.12654075	0.250772	-0.27305144	-0.24463381	-0.23905498	-0.25315642	0.19349754	-0.25940418	0.14858545	-0.23662964	-0.26203507	-0.02519298	-0.24928214	0.22460565	-0.2625493
0.50000924	0.08976106	0.5477933	-0.515706	-0.47254056	-0.5583731	-0.587908	0.5790019	-0.5785405	0.46181965	-0.5024696	-0.50303954	-0.20719899	-0.61287844	0.55612165	-0.58727664
0.31982586	0.13393965	0.2454933	-0.31498176	-0.30103534	-0.2847623	-0.27445653	0.28569645	-0.27929398	0.22895205	-0.27791557	-0.31753144	-0.019021165	-0.2550302	0.27520198	-0.26810908
-0.024856405	0.17122656	0.013558198	0.008357714	-0.001539035	0.029098378	-0.0455778	-0.014435644	0.005736963	0.0008108041	0.0013991119	-0.007927522	0.08943562	-0.009436118	0.0025363036	-0.045334946
-0.21735376	0.14400108	-0.15055837	0.19400603	0.14690226	0.21556719	0.16081114	-0.13083915	0.1909726	-0.1978489	0.13555035	0.17250052	0.10623317	0.15298365	-0.13684168	0.1663902
0.0538423	0.040344957	0.059892002	0.009062734	0.008676645	0.0143412	-0.025360366	0.053815853	-0.058181044	0.007058364	-0.021302609	-0.036069162	0.08113	-0.03599007	-0.012764108	0.035455946
0.21875624	-0.02271587	0.24455377	-0.2846782	-0.22546668	-0.2109431	-0.22128962	0.22650364	-0.21977392	0.28470084	-0.18696575	-0.19711864	-0.059734136	-0.23053253	0.27596846	-0.2197179
-0.7045694	0.1594791	-0.6866479	0.6695985	0.74023134	0.78417176	0.7194385	-0.7166736	0.67432654	-0.7237377	0.73293287	0.72888553	0.21205007	0.6859502	-0.7524921	0.7567809
-0.36299744	0.18568163	-0.35734263	0.28949872	0.289617	0.29183897	0.3505462	-0.30742863	0.359414	-0.360311	0.34853485	0.30309442	0.15289257	0.3340819	-0.37735105	0.33427733
-0.5131335	0.20874718	-0.42924598	0.45966494	0.5023992	0.47017142	0.4585415	-0.4708439	0.4643297	-0.50473905	0.500649	0.5141421	0.2905963	0.4100529	-0.4735553	0.4459143
-0.46736097	0.29462418	-0.4612468	0.4269212	0.42874032	0.53076476	0.40618086	-0.41833398	0.4651138	-0.49547178	0.43464258	0.42630336	0.19991764	0.40422738	-0.51034576	0.41323656
-0.29792374	0.13197006	-0.3230106	0.34454006	0.33282515	0.2842239	0.27784923	-0.33087388	0.34613836	-0.27963525	0.2960679	0.33203134	0.051017758	0.3274297	-0.3337603	0.30999088
-0.6219788	0.19898564	-0.55827993	0.55354244	0.57305974	0.6269788	0.5922607	-0.53318053	0.5935019	-0.5344772	0.51555294	0.53591627	0.2095988	0.557389	-0.6176747	0.52070826
0.07780873	0.038018875	0.07921106	-0.034270898	-0.03998786	-0.029393313	-0.029807327	0.0256	0.014817427	0.021352964	-0.059067372	-0.03171847	-0.04881941	0.009160913	0.07909772	-0.0764382
0.61839974	0.08773497	0.53806055	-0.53633624	-0.5755888	-0.55182606	-0.5635671	0.6097198	-0.5763667	0.54187727	-0.57077974	-0.5134509	-0.07527681	-0.5746944	0.56749517	-0.539351
0.01881967	0.12726203	0.09554094	-0.022469817	-0.03456627	-0.09568675	-0.009061431	0.10000735	-0.06003138	0.029800419	-0.05486955	0.0008736135	0.006693616	-0.06272832	0.015741993	-0.07206546
0.06844988	0.10988074	0.06983991	-0.14137383	-0.099338345	-0.0730091	-0.09813642	0.14822409	-0.06240946	0.038878176	-0.042491823	-0.055877384	0.037702307	-0.16468737	0.09590913	-0.09250269
0.64039	0.13744782	0.61982214	-0.6242788	-0.6687516	-0.6415131	-0.60270274	0.5967698	-0.60702103	0.55313176	-0.5832463	-0.5977955	-0.06258244	-0.66654754	0.6395563	-0.683675
0.20798704	0.09422207	0.21711142	-0.19295979	-0.23159054	-0.18373655	-0.22221914	0.17404659	-0.17165482	0.2071902	-0.1853586	-0.20213416	-0.010484796	-0.209682	0.17192477	-0.16709007
-0.044200912	0.16185437	-0.11733491	0.017993985	0.12690866	0.041570965	0.092438176	-0.0897857	0.080125526	-0.052042227	0.03346179	0.04941095	0.038738802	0.035505883	-0.08572335	-0.0123283435
-0.49369818	0.07422779	-0.4119477	0.4592769	0.43635967	0.4945024	0.43169197	-0.43078429	0.42522648	-0.4043601	0.4722729	0.4320579	0.14915612	0.42624044	-0.46048087	0.4372139
-0.6282347	0.119852185	-0.5823335	0.65233475	0.68942237	0.66445047	0.6783524	-0.6100765	0.60232484	-0.65597767	0.59840554	0.6436252	0.27478492	0.61022556	-0.6406269	0.59973615
0.71806765	-0.11150378	0.68094784	-0.70099527	-0.78066146	-0.74047446	-0.79525614	0.7243426	-0.7436218	0.7324252	-0.67579997	-0.6983164	-0.27747568	-0.73474854	0.7470476	-0.6989984
-0.32065487	0.11639542	-0.30428275	0.291629	0.26590785	0.342969	0.26975653	-0.30946323	0.28053755	-0.2997255	0.27573442	0.2583859	0.054377355	0.3069583	-0.2802471	0.2269095
0.72361875	-0.13558242	0.6707139	-0.70871484	-0.64312124	-0.7239107	-0.78685796	0.7081054	-0.6927673	0.65742534	-0.58789676	-0.6847932	-0.24887083	-0.7491449	0.7317937	-0.77305394
0.70825464	-0.059721246	0.68030775	-0.7198357	-0.69928265	-0.62113696	-0.7314514	0.72872835	-0.7012412	0.64032745	-0.6006416	-0.6485755	-0.21932936	-0.67963797	0.7280631	-0.6916344
0.5559299	0.011340129	0.58472997	-0.53473157	-0.52463186	-0.52581996	-0.61519754	0.6253108	-0.6123605	0.5297689	-0.5492643	-0.557475	-0.14026918	-0.5946344	0.5979503	-0.5850929
-0.3203907	0.17588064	-0.3176213	0.291515	0.28277302	0.31187227	0.35557932	-0.28085896	0.30697992	-0.35721117	0.34110996	0.31660518	0.21168526	0.2612121	-0.32829365	0.2793719
0.1504585	-0.024383163	0.18073414	-0.22204882	-0.23069085	-0.18945302	-0.216825	0.192747	-0.18279344	0.16720071	-0.17373829	-0.1642606	-0.05422093	-0.2039972	0.22915085	-0.18114355
-0.13547358	0.06851456	-0.08649763	0.13912342	0.1402501	0.15224798	0.05884525	-0.06165381	0.1308966	-0.106570244	0.11763237	0.04393864	0.086298004	0.11420475	-0.14396538	0.13394547
-0.19036049	0.06398286	-0.13327055	0.16654243	0.1820742	0.1311004	0.1340776	-0.113629706	0.13345663	-0.15848358	0.1360046	0.19097994	0.08569688	0.17307302	-0.15386999	0.15804522
0.17021799	0.033071183	0.08761177	-0.13844714	-0.092741534	-0.12777306	-0.11702834	0.1711912	-0.10367442	0.16691342	-0.16678348	-0.096011505	0.021756116	-0.14381272	0.14162543	-0.13430358
-0.7509462	0.20250744	-0.6192127	0.731159	0.62236494	0.68912	0.6921203	-0.73534006	0.6788989	-0.59365135	0.61857486	0.6102223	0.3398426	0.7218483	-0.7036811	0.6887044
-0.08653107	0.093200475	-0.04831004	0.12277468	0.09244789	0.12171365	0.09830352	-0.11186005	0.1347449	-0.10620046	0.061077096	0.093448184	0.060144782	0.092114486	-0.14795516	0.09834922
-0.013643704	0.1243134	-0.0135484375	0.049465626	0.019275974	0.051342778	-0.00049113017	0.0033293418	-0.005937825	-0.06428443	0.03345403	0.07426282	0.037407525	-0.019477805	-0.068195276	-0.0089614475
0.2702509	-0.00018841657	0.24477512	-0.22969419	-0.2630721	-0.32134563	-0.2524701	0.29742277	-0.24614827	0.2956426	-0.29619262	-0.27292016	0.017290846	-0.2949275	0.2918587	-0.28489247
-0.4019056	0.24132031	-0.32318318	0.36823848	0.40367383	0.4143815	0.40478894	-0.31967708	0.3861438	-0.34903088	0.3594547	0.36271635	0.226239	0.37475818	-0.34667206	0.3201199
-0.7388992	0.243622	-0.6892074	0.7267724	0.68830204	0.734313	0.6977821	-0.67985666	0.68283486	-0.7203158	0.68211365	0.7269493	0.29939008	0.67313516	-0.7332499	0.6593749
0.12050953	0.052313816	0.08595417	-0.09203834	-0.13206322	-0.0949322	-0.11749549	0.1111251	-0.19094698	0.058408983	-0.09911797	-0.1494114	-0.007823259	-0.13685936	0.13382378	-0.1332986
-0.36355543	0.048451833	-0.36422113	0.37095478	0.41934025	0.3730976	0.3601262	-0.42867154	0.3863368	-0.38212267	0.4258238	0.4110264	0.120503284	0.36287153	-0.41536245	0.37601534
-0.70186806	0.12911376	-0.7195297	0.73300123	0.7505081	0.7281944	0.715749	-0.7365442	0.6905304	-0.6673154	0.64356554	0.69368184	0.24347502	0.69554234	-0.72260034	0.6649405
-0.3660104	0.049555853	-0.3423236	0.3324101	0.3833293	0.39129695	0.39046282	-0.34078348	0.37276614	-0.39044443	0.38305533	0.37373415	0.12123739	0.36250508	-0.3694865	0.35248026
-0.5392956	0.1744583	-0.45768943	0.5110495	0.54101884	0.51845425	0.5686355	-0.46736488	0.58743525	-0.503415	0.46806023	0.48763505	0.27633408	0.50293326	-0.49668145	0.52133644
0.26425555	0.056890793	0.21757497	-0.30644563	-0.25400868	-0.23786175	-0.30575162	0.23026814	-0.29729438	0.23422824	-0.20333256	-0.22256938	-0.013323388	-0.26935148	0.29659283	-0.22779302
0.19242246	-0.09655571	0.13621049	-0.14234552	-0.15871751	-0.21419711	-0.15987611	0.12940657	-0.14865977	0.093399614	-0.1878748	-0.10345674	-0.18495275	-0.1724897	0.20896566	-0.17431676
0.10278555	0.06896617	0.034078896	-0.04237765	-0.039175045	-0.083752215	-0.091563724	0.045971505	-0.09515044	0.0033374035	-0.01302794	-0.024670819	-0.11633208	-0.095498994	0.061628416	-0.111199185
0.37907878	0.12193748	0.4440719	-0.43307412	-0.4516602	-0.46434152	-0.40469396	0.485831	-0.43499812	0.4082038	-0.41133896	-0.45043835	-0.041513953	-0.4780954	0.45210233	-0.4142597
0.6886835	0.09893945	0.6478639	-0.6226524	-0.6683915	-0.7093479	-0.6290138	0.69423807	-0.65204674	0.6470718	-0.62740016	-0.58443594	-0.08800677	-0.61274856	0.6155855	-0.67571485
0.6605674	0.0014295395	0.67060775	-0.63148504	-0.61332875	-0.6559804	-0.6419094	0.6492239	-0.62669915	0.61106145	-0.6167325	-0.6466048	-0.14406024	-0.69625425	0.63552463	-0.66299677
0.49852702	0.033538245	0.4722179	-0.4985765	-0.5057966	-0.39162725	-0.5384667	0.54616654	-0.4864071	0.4282217	-0.43539956	-0.45946103	-0.0635334	-0.5697914	0.48010212	-0.5383911
0.23498315	-0.013239564	0.16958886	-0.23590767	-0.15981938	-0.24962217	-0.18219672	0.22035354	-0.22730543	0.14186527	-0.21511081	-0.16208602	-0.101221606	-0.23083523	0.20063101	-0.24742639
0.40001175	-0.11453937	0.4502349	-0.38304546	-0.40060955	-0.4030714	-0.39360446	0.39511022	-0.3796352	0.44706544	-0.43405235	-0.39053005	-0.13273762	-0.3668632	0.4601949	-0.4062574
0.33083722	0.0043236073	0.26932606	-0.32766002	-0.35464796	-0.35945922	-0.36007056	0.33348465	-0.32211456	0.25663212	-0.2848098	-0.3361298	-0.038002796	-0.35227072	0.34370625	-0.32813728
-0.38770828	0.14970805	-0.38776878	0.43327403	0.37680355	0.44973493	0.33814907	-0.35955632	0.40318966	-0.3586958	0.39912292	0.34410575	0.073353074	0.40201783	-0.42131305	0.36986125
0.24517374	-0.084942766	0.23228128	-0.24475749	-0.16122253	-0.2000729	-0.23446423	0.15672651	-0.1754345	0.1554468	-0.14202322	-0.22378983	-0.055485733	-0.15966977	0.23321922	-0.21495625
0.25564885	0.084041506	0.26668546	-0.3127347	-0.27696744	-0.31056947	-0.33175603	0.3140506	-0.28009257	0.21940161	-0.2788898	-0.2656257	0.035676	-0.31274515	0.28943175	-0.25832793
0.50157505	0.18486816	0.48305428	-0.5347132	-0.495761	-0.4856758	-0.55216104	0.55328405	-0.49288902	0.41806233	-0.4422274	-0.5127574	-0.007203124	-0.49613148	0.55276215	-0.48408413
-0.13487719	0.090821885	-0.090850025	0.15423478	0.10072933	0.11481113	0.13620508	-0.104441226	0.14853097	-0.11018022	0.12601507	0.18938968	0.06767662	0.10912221	-0.16993971	0.13595773
0.35599312	0.07046737	0.35027626	-0.34282172	-0.3396868	-0.35628152	-0.36894634	0.3548703	-0.38642842	0.28372434	-0.27349985	-0.37138143	-0.053506784	-0.3162682	0.30325648	-0.32863498
0.07186683	-0.061868887	0.10276115	-0.111784875	-0.11012767	-0.07559827	-0.10365595	0.060811087	-0.114864446	0.048621666	-0.10461049	-0.12177237	-0.06288069	-0.09359509	0.11258958	-0.1311985
-0.15813045	-0.14728874	-0.19725598	0.22147739	0.2604799	0.22682652	0.2518333	-0.28855354	0.28074437	-0.15126188	0.14962627	0.25390145	-0.09420942	0.21041748	-0.18930507	0.283675
0.28699473	-0.05306099	0.26472777	-0.27474266	-0.27649927	-0.23816742	-0.29024887	0.30803207	-0.25381938	0.25787836	-0.2262357	-0.22849296	-0.07334913	-0.22598685	0.25360245	-0.3126056
0.1064761	0.05967624	0.10204651	-0.06598347	-0.12393043	-0.027675914	-0.09756859	0.113650545	-0.10347188	0.0798826	-0.09554269	-0.0773035	-0.027752923	-0.038822297	0.11283439	-0.05789488
0.047663704	-0.064950734	-0.020225571	-0.07268461	-0.010710411	-0.053242132	-0.022603747	-0.012932779	0.017534977	0.036036912	-0.013290402	-0.026848802	0.040951695	-0.023776349	0.04275703	-0.019652551
-0.043344878	-0.00056992436	-0.057750545	-0.0009027993	0.02731821	0.043126743	0.0656726	-0.0020792922	0.063385814	-0.0011776576	0.0382687	0.06474483	0.016085971	0.06947989	0.0022267138	-0.0038065475
-0.14751828	0.13093616	-0.07420742	0.09407759	0.13498086	0.118097074	0.14002328	-0.14129728	0.081823714	-0.13715947	0.12716143	0.12703907	0.023176683	0.09359606	-0.1436846	0.06813571
0.29584488	-0.13328388	0.26140022	-0.29290053	-0.2971363	-0.24381919	-0.35251516	0.32430983	-0.31067672	0.32360438	-0.2507016	-0.28487265	-0.168388	-0.327681	0.28851283	-0.23449259
-0.15148425	0.1003752	-0.14645697	0.1365168	0.18652353	0.20762706	0.20062153	-0.1481495	0.15395303	-0.16319977	0.19818021	0.2216129	0.034072716	0.14997849	-0.13124546	0.0852273
0.307434	-0.12395987	0.28279808	-0.29792118	-0.30812612	-0.342343	-0.34716776	0.27200538	-0.29329735	0.34223774	-0.2728982	-0.26476178	-0.23740035	-0.3072344	0.30664542	-0.2799712
0.67498106	-0.05325956	0.61977017	-0.66040736	-0.7177382	-0.6944859	-0.67921734	0.65388906	-0.6663967	0.6679228	-0.60636544	-0.70217264	-0.1983562	-0.69286305	0.7144332	-0.693483
-0.08401362	0.0622996	-0.030594792	0.03458652	0.10948501	0.117631346	0.04390305	-0.03378708	0.117062405	-0.09275123	0.10316913	0.03866102	0.09450166	0.059707426	-0.070342466	0.024040144
-0.35460567	0.1806557	-0.3733703	0.32800642	0.36349335	0.39317194	0.38911453	-0.38255757	0.32079458	-0.36582667	0.38208807	0.31037897	0.10176788	0.3638244	-0.38816068	0.34251875
0.63519186	-0.08782307	0.6880686	-0.6439697	-0.6840225	-0.6482139	-0.68718016	0.62451124	-0.7087743	0.6003336	-0.6221808	-0.638989	-0.24014984	-0.6853078	0.7004706	-0.68027955
0.35720757	-0.086583465	0.29614243	-0.30415532	-0.311063	-0.3258528	-0.3015756	0.31921646	-0.37513635	0.2569416	-0.3273395	-0.34635013	-0.097706355	-0.34745815	0.33188754	-0.33528802
0.07857952	0.013091979	0.083876066	-0.12165572	-0.16169235	-0.10136356	-0.15052867	0.07980404	-0.09422092	0.14356886	-0.10423203	-0.08621266	-0.020321181	-0.1080589	0.0843762	-0.15060951
0.13811994	0.06923389	0.20277795	-0.15207733	-0.1625667	-0.19760804	-0.21920885	0.24941388	-0.1747686	0.14268962	-0.20961495	-0.1864092	0.076797366	-0.16571333	0.21497595	-0.21384698
-0.515003	0.08671071	-0.4984671	0.48201734	0.44537127	0.4321353	0.49352682	-0.51302177	0.45194158	-0.4121418	0.39891148	0.453462	0.22571188	0.44214413	-0.43518943	0.49819458
-0.018972337	0.06564513	0.037537105	-0.096564114	-0.054473486	-0.034956366	-0.086930506	0.020914147	-0.04515301	0.017172834	0.026213273	-0.08130144	0.04923177	-0.11068798	0.040237505	-0.050631363
0.0031912993	0.08875915	-0.029974453	0.017048318	0.06734554	0.06142863	0.008134339	0.0011138725	0.006866567	-0.020402681	0.06475088	0.0061394353	0.011575836	0.04578616	-0.011733346	0.0546368
0.15571971	0.0019014194	0.15373877	-0.16800098	-0.14105882	-0.09796507	-0.07396855	0.14403638	-0.115280546	0.04651626	-0.0592768	-0.07617952	-0.034350105	-0.15298499	0.14553219	-0.14255777
0.05506929	-0.026921432	0.13521694	-0.14274603	-0.052779555	-0.11192254	-0.12375256	0.15043944	-0.07419703	0.06437905	-0.061599113	-0.049387094	-0.0061598886	-0.10544479	0.09459351	-0.086153425
0.0052234903	0.06284551	0.06326447	-0.06624695	-0.03675095	-0.048508823	-0.06219421	0.008915285	0.009620018	0.015060633	-0.013544767	-0.049819328	0.017169813	-0.04857517	0.0094892755	-0.054069858
-0.14033037	0.06480731	-0.20768331	0.15484262	0.14881994	0.21739611	0.13058159	-0.2044198	0.13479358	-0.20538355	0.15624021	0.18584315	0.042429615	0.17022054	-0.14296998	0.20639382
-0.08303833	0.020815257	-0.08588611	0.08505528	0.07264736	0.07330942	0.049053993	-0.08769735	0.066070884	-0.011779979	0.049390357	0.016191972	0.009421669	0.097561136	-0.035131827	0.08935673
0.6626571	-0.10119764	0.63239026	-0.6637673	-0.6362154	-0.61859006	-0.60486084	0.6242329	-0.6237549	0.6141445	-0.6229306	-0.6455084	-0.18053873	-0.63928133	0.62815976	-0.594986
-0.04122816	0.0665844	-0.04515174	0.025429294	-0.0010115203	0.030107	-0.012881746	-0.03833609	-0.0059073707	-0.00751854	-0.023201464	-0.018025527	0.04201669	0.04704908	0.008997033	-0.0074663814
0.41522267	-0.07204784	0.38889253	-0.43381077	-0.38081983	-0.38286233	-0.4430016	0.40156436	-0.38693976	0.39516956	-0.38320437	-0.4568612	-0.12043558	-0.406508	0.41651058	-0.40172553
0.6131626	-0.06614205	0.5378212	-0.5167088	-0.54967207	-0.5540837	-0.58837265	0.53776693	-0.58091754	0.47215334	-0.5613385	-0.5363428	-0.17936477	-0.5742543	0.62062424	-0.5345013
0.6078768	-0.045026872	0.5427954	-0.5900547	-0.49320218	-0.54691774	-0.6052279	0.5591003	-0.5498923	0.5027565	-0.41253775	-0.51826656	-0.14733312	-0.58404475	0.6064792	-0.57975584
-0.6247287	0.1109331	-0.56041574	0.57185394	0.58854365	0.66280234	0.66368866	-0.5921169	0.60519415	-0.55094075	0.6149087	0.5967806	0.23784897	0.61995125	-0.6072193	0.6071279
-0.6523096	0.16558272	-0.5845119	0.57844424	0.5505313	0.6086201	0.6195649	-0.6034026	0.56582475	-0.53209794	0.5513631	0.5660418	0.20815034	0.63462883	-0.56809825	0.54624534
-0.21684434	0.096635476	-0.26748025	0.21467066	0.1787824	0.2671563	0.19614048	-0.1805353	0.24995504	-0.27057964	0.20833704	0.19317104	0.14630212	0.2314688	-0.19486517	0.2250858
-0.20641409	-0.14803554	-0.16810587	0.20163353	0.21552773	0.16008127	0.14444846	-0.21484673	0.20068538	-0.078508876	0.16885163	0.16850208	-0.07855189	0.2433544	-0.18976231	0.23876542
-0.6178844	0.24475928	-0.61918205	0.61575717	0.5745614	0.58910495	0.6215961	-0.60065544	0.7063548	-0.590032	0.58601755	0.61386955	0.33485058	0.67093116	-0.6195735	0.5911891
-0.015996482	0.03623636	-0.060311135	0.0184041	0.013606066	0.036446903	0.016895182	-0.106050275	0.013579922	0.0032381262	0.023752015	-0.0059654755	0.05032397	0.044970658	-0.016559178	0.047935523
-0.5527393	0.2497154	-0.52703005	0.52905846	0.53168434	0.5341018	0.5600877	-0.5398906	0.58989555	-0.4828129	0.5350555	0.5091536	0.22907822	0.558173	-0.5051982	0.5115752
0.09416728	-0.05634422	0.05933639	-0.05215896	-0.09007077	-0.097730204	-0.058507055	0.05084829	-0.09601652	0.02065104	-0.03961381	-0.02571272	0.04025259	-0.06608581	0.110252574	-0.074207164
0.2846072	0.0076871645	0.30332077	-0.3268507	-0.28203642	-0.28166315	-0.2584863	0.26406205	-0.32488337	0.26119605	-0.20640987	-0.28411496	-0.050379336	-0.3077468	0.3122891	-0.24451791
0.28276446	0.09696279	0.3333276	-0.28564855	-0.23896389	-0.31137133	-0.288146	0.3235126	-0.3294703	0.18039581	-0.2596826	-0.28310332	-0.086105	-0.34741956	0.25245753	-0.32386136
0.19443347	-0.019963248	0.15822883	-0.23644878	-0.20979658	-0.17324835	-0.18859613	0.1429498	-0.22538234	0.2244685	-0.16107799	-0.19924735	-0.05838962	-0.20749223	0.1830012	-0.23632663
-0.38795486	0.11207693	-0.3800526	0.39700043	0.3588014	0.43592066	0.3967517	-0.36953416	0.37623724	-0.35449243	0.34831622	0.3729738	0.13795866	0.36031199	-0.3706537	0.38057473
0.082362026	0.062112555	0.06018343	-0.07237325	-0.054408286	-0.12435224	-0.15207511	0.08283991	-0.049369294	0.11618067	-0.10049327	-0.038017083	-0.014426377	-0.14102815	0.11652359	-0.13416821
0.6499717	0.044120606	0.6445341	-0.6526418	-0.6270999	-0.62518007	-0.6200646	0.658686	-0.6687313	0.62201756	-0.60054594	-0.6155063	-0.19268826	-0.5873373	0.662722	-0.593593
-0.2468971	-0.012854341	-0.26986167	0.26879406	0.26949212	0.20128645	0.279699	-0.22243641	0.22540972	-0.20081018	0.21448599	0.2159088	0.07841177	0.2558914	-0.27946502	0.21613765
-0.44322053	0.12086651	-0.4749239	0.4264098	0.41645995	0.49273047	0.4516659	-0.4366426	0.44919506	-0.41682306	0.44535664	0.49921846	0.24131139	0.46316803	-0.44749367	0.465324
0.24526131	-0.039432235	0.2300358	-0.25725687	-0.25824127	-0.19012295	-0.27209142	0.21950787	-0.2753925	0.26498705	-0.25984788	-0.2471116	-0.04469869	-0.22858027	0.20454985	-0.25147024
0.2307098	0.07738299	0.25501138	-0.27217746	-0.22022086	-0.23256424	-0.29411557	0.22485484	-0.2999969	0.19833474	-0.21230987	-0.29500204	-0.044181988	-0.2637583	0.24185796	-0.28993234
-0.04987143	0.073131956	-8.2693514e-05	0.03244766	-0.008299779	0.09231441	0.056686427	-0.023423973	0.06828537	-0.097568914	0.02230964	0.057109814	0.02291522	0.060473967	-0.0938993	0.00076665776
-0.6073831	0.16606158	-0.55489534	0.60848325	0.53902155	0.61228293	0.5982187	-0.6137348	0.6110209	-0.52096575	0.534691	0.54657906	0.2732256	0.66658306	-0.6236935	0.5866478
-0.13352792	0.210274	-0.18479294	0.09148688	0.17182587	0.15588067	0.11732134	-0.16499987	0.111800045	-0.17346308	0.10588416	0.13374719	0.10372421	0.20461488	-0.16619109	0.118127584
-0.31024686	0.07791468	-0.27792564	0.3403394	0.34002	0.39311576	0.29828918	-0.3483386	0.34593529	-0.32591218	0.3269337	0.35007805	0.14463708	0.354263	-0.33617288	0.3464969
0.19214162	-0.06536498	0.16635002	-0.19587624	-0.18753214	-0.14588104	-0.15107015	0.20389223	-0.21811533	0.15067856	-0.1307412	-0.13384213	-0.12986629	-0.1496079	0.19405209	-0.19668889
0.24239701	-0.053481583	0.23418695	-0.19612819	-0.17648518	-0.16946928	-0.18128945	0.19325733	-0.21205597	0.19173399	-0.15550405	-0.22522457	-0.089145094	-0.19237931	0.19552128	-0.18350695
0.42769223	-0.08006061	0.37284452	-0.366925	-0.3323518	-0.3861034	-0.37005576	0.39515388	-0.40203288	0.3748603	-0.32135975	-0.41152325	-0.220813	-0.37010002	0.40677223	-0.34041792
0.7496864	-0.15566668	0.68082315	-0.7340197	-0.7378056	-0.75735974	-0.6989613	0.66169715	-0.67224455	0.7039003	-0.62337303	-0.6625954	-0.25120103	-0.7315301	0.7477306	-0.7233445
-0.64120847	0.20900157	-0.61221	0.63018054	0.57493263	0.6721299	0.63690877	-0.6078499	0.61065096	-0.6192789	0.6285521	0.6231991	0.21768585	0.6022218	-0.6569133	0.62614834
-0.051202852	0.016173434	-0.08609936	0.084138826	0.04530151	-0.01279434	0.06915283	-0.08216675	0.0674417	-0.07736691	0.04056535	0.0342656	-0.06386038	0.0070632175	-0.0117464	0.011168236
-0.21252291	0.12908702	-0.13546222	0.18037458	0.16366857	0.1620061	0.14718737	-0.20510463	0.24799274	-0.20590958	0.1938226	0.20603687	0.1623816	0.21677254	-0.24535225	0.18900707
0.06307743	-0.043252535	0.06047516	0.015589069	-0.07152564	-0.054183487	-0.020536698	-0.00045937838	-0.06456339	0.10476719	-0.049364395	-0.08774761	-0.082858466	-0.032197576	0.026105186	-0.03495109
-0.116049506	0.08023223	-0.19629666	0.19343612	0.12557732	0.17906135	0.14732966	-0.1219687	0.1737359	-0.13176203	0.17692515	0.17400166	0.14256385	0.14433315	-0.15142417	0.10813419
-0.4832392	0.11856214	-0.41849685	0.427067	0.47169042	0.39007986	0.45669085	-0.40700412	0.47247693	-0.36906782	0.44119647	0.43195224	0.19969252	0.4843291	-0.4654149	0.39350033
-0.60253775	0.18560065	-0.5496992	0.65808845	0.60887676	0.6617794	0.6511176	-0.64697933	0.6034834	-0.5487576	0.5179295	0.5650464	0.24338289	0.6446628	-0.6705243	0.6715303
-0.12312675	0.16987109	-0.07026351	0.047650155	0.13299356	0.12629919	0.08522495	-0.11997525	0.13656649	-0.111689314	0.074723326	0.13425018	0.091054	0.12597136	-0.07789666	0.023780238
0.58709544	-0.056571152	0.5772604	-0.65104824	-0.6414892	-0.65351796	-0.62627953	0.6524382	-0.58893746	0.56096315	-0.61682135	-0.6235703	-0.18583801	-0.6249154	0.6430853	-0.635525
-0.15418944	0.13771504	-0.11055748	0.12206558	0.14291379	0.14411294	0.21030733	-0.2004588	0.14982693	-0.18292671	0.18391228	0.15964058	0.14076352	0.20308995	-0.19169676	0.09504405
-0.008774729	0.037442725	0.0016828045	-0.0093905525	0.04696529	0.06208601	0.05472807	-0.02749574	0.0008230766	0.01998811	-0.03210331	-0.005127887	0.008328639	0.016010515	0.000101912614	0.067375086
0.12461195	0.14750671	0.1245797	-0.10742236	-0.08311332	-0.12330744	-0.12173322	0.21331815	-0.21811718	0.10797871	-0.12467623	-0.16801797	0.054839887	-0.169853	0.1665137	-0.08531201
-0.5126405	0.06572768	-0.44284293	0.47268558	0.4033556	0.42758766	0.48310748	-0.4238418	0.4068273	-0.4177109	0.43860093	0.4723988	0.16282628	0.46119896	-0.4197294	0.46242914
0.07864346	0.031984396	0.08340621	-0.11771192	-0.04324244	-0.11271785	-0.1203013	0.1298818	-0.066135086	0.04228158	-0.115486085	-0.060357966	-0.027699027	-0.11760343	0.06686018	-0.04645624
0.57815194	-0.033281695	0.58590233	-0.61052036	-0.57363814	-0.6301268	-0.62552214	0.555218	-0.61679024	0.5612881	-0.49586597	-0.5227149	-0.12846245	-0.5981879	0.608392	-0.57834095
0.5206298	0.08304533	0.5257483	-0.5262691	-0.51012176	-0.48271275	-0.46507236	0.5273073	-0.5093479	0.41353732	-0.49516258	-0.45539057	-0.0014877438	-0.50258625	0.5505819	-0.4814075
-0.08183736	0.18350919	-0.037011683	0.06119926	0.015458537	0.09563604	-0.0025434648	-0.0029156418	0.04831088	-0.08279891	0.04954318	0.06461725	0.18183619	-0.01363289	-0.022609012	0.055285346
-0.10434531	0.09906329	-0.04989632	0.10852899	0.11432132	0.07601719	0.07379585	-0.042098314	0.066573344	-0.097952016	0.15116945	0.08367423	0.08716526	0.13637273	-0.13616626	0.06267454
-0.105652295	-0.0028749616	-0.1676321	0.11764937	0.17165706	0.19222054	0.17890958	-0.15708546	0.170346	-0.15078269	0.11089841	0.13327438	0.015773509	0.19164519	-0.18739091	0.11659648
0.45281374	0.09551639	0.4909315	-0.48070952	-0.43746907	-0.37505597	-0.50402534	0.53569186	-0.45400202	0.40307167	-0.42281875	-0.35380977	0.0048521776	-0.5212169	0.3918887	-0.47280002
